summary_level,seed,fold,los,n,w_admission_mean,w_admission_std,w_discharge_mean,w_discharge_std,w_merged_mean,w_merged_std,dominant_stream
mean_across_folds,,,1,34001.0,0.2938458,0.263214,0.18505998,0.17253464,0.5210942,0.31818038,merged
mean_across_folds,,,2,8689.333333333334,0.18064733,0.20637934,0.1625383,0.17808254,0.6568144,0.28185233,merged
mean_across_folds,,,3,7384.333333333333,0.18132168,0.20228082,0.17642078,0.179461,0.6422575,0.27821106,merged
mean_across_folds,,,4,6720.333333333333,0.164364,0.183768,0.17706509,0.16997719,0.65857095,0.26189208,merged
mean_across_folds,,,5,6776.666666666667,0.16356951,0.18040639,0.18024848,0.16617672,0.656182,0.25487095,merged
mean_across_folds,,,6,4770.333333333333,0.17588882,0.19183564,0.19928633,0.18009062,0.6248248,0.26776657,merged
mean_across_folds,,,7,4465.666666666667,0.18159358,0.20176317,0.21896152,0.19260278,0.5994449,0.2796175,merged
mean_across_folds,,,8,3361.3333333333335,0.20466599,0.21495682,0.24675602,0.21019526,0.548578,0.28978217,merged
mean_across_folds,,,9,2243.6666666666665,0.19966006,0.21678138,0.24408884,0.21167207,0.5562511,0.2947831,merged
mean_across_folds,,,10,1812.3333333333333,0.19119631,0.21281974,0.24139827,0.21023172,0.56740546,0.29418245,merged
mean_across_folds,,,11,1555.0,0.19163944,0.21168652,0.24260448,0.21202038,0.5657561,0.294553,merged
mean_across_folds,,,12,1337.0,0.19627032,0.21800071,0.2416174,0.2122446,0.5621123,0.2975112,merged
mean_across_folds,,,13,1750.0,0.17831416,0.20505008,0.22297424,0.20184019,0.5987116,0.29146516,merged
mean_across_folds,,,14,2204.6666666666665,0.1749549,0.20300151,0.21876743,0.19939588,0.60627764,0.2874416,merged
mean_across_folds,,,15,2006.6666666666667,0.22082035,0.21950278,0.25938305,0.20733799,0.5197966,0.28769037,merged
mean_across_folds,,,16,1356.0,0.21337733,0.21925692,0.27151445,0.21909681,0.5151082,0.29325956,merged
mean_across_folds,,,17,1191.6666666666667,0.19859767,0.2129136,0.26174662,0.21549828,0.5396557,0.29276714,merged
mean_across_folds,,,18,1159.6666666666667,0.20365852,0.21848156,0.25223687,0.21276674,0.54410464,0.29400384,merged
mean_across_folds,,,19,1152.0,0.20215948,0.21681696,0.24995936,0.21091379,0.5478811,0.29374728,merged
mean_across_folds,,,20,1355.3333333333333,0.18335979,0.20172058,0.24278463,0.2043012,0.5738556,0.28385594,merged
mean_across_folds,,,21,2197.6666666666665,0.15969405,0.18709572,0.2949551,0.2531577,0.54535085,0.3001683,merged
mean_across_folds,,,22,1760.6666666666667,0.21533385,0.21307549,0.26650593,0.2060557,0.5181602,0.2797608,merged
mean_across_folds,,,23,1347.0,0.20868224,0.21473575,0.2621273,0.20544365,0.5291904,0.28373298,merged
mean_across_folds,,,24,1169.0,0.19508979,0.20584045,0.2551159,0.2042408,0.5497943,0.2813217,merged
mean_across_folds,,,25,1177.0,0.19173142,0.20227548,0.25007427,0.19573858,0.5581943,0.2754934,merged
mean_across_folds,,,26,1211.6666666666667,0.1938612,0.20729901,0.24414866,0.19842964,0.56199014,0.2805375,merged
mean_across_folds,,,27,1916.0,0.16041747,0.17774229,0.22684754,0.18430704,0.612735,0.2606698,merged
mean_across_folds,,,28,3748.0,0.14264457,0.165387,0.20824711,0.17717724,0.6491083,0.24896222,merged
mean_across_folds,,,29,2437.0,0.22439551,0.21384779,0.2629199,0.1960856,0.5126846,0.26815045,merged
mean_across_folds,,,30,1794.6666666666667,0.20313269,0.19889683,0.26923436,0.19632526,0.52763295,0.26052865,merged
mean_across_folds,,,31,13053.0,0.22091743,0.20319885,0.30277506,0.20293072,0.47630748,0.2548981,merged
mean_across_folds,,,32,9913.333333333334,0.23151688,0.19824721,0.31986603,0.19410142,0.44861707,0.23497823,merged
mean_across_folds,,,33,16386.0,0.23048624,0.18977627,0.33567253,0.19046631,0.43384123,0.22299857,merged
mean_across_folds,,,34,13658.333333333334,0.21888176,0.18109705,0.39260542,0.21445926,0.38851282,0.2196665,discharge
mean_across_folds,,,35,13216.666666666666,0.24384572,0.17674944,0.3825878,0.18441764,0.37356654,0.19791435,discharge
mean_across_folds,,,36,16202.0,0.25546044,0.17258917,0.42874333,0.19288269,0.31579626,0.18861286,discharge
mean_across_folds,,,37,12640.0,0.2618306,0.17289536,0.48336923,0.20344754,0.25480017,0.17564107,discharge
per_fold,1.0,0.0,1,33921.0,0.1716706,0.12223558,0.35831293,0.32552165,0.47001648,0.34560046,merged
per_fold,1.0,1.0,1,33921.0,0.11560901,0.11252036,0.1049862,0.15136148,0.77940476,0.2250344,merged
per_fold,1.0,2.0,1,33921.0,0.355918,0.46520552,0.098131314,0.18888737,0.5459507,0.4313916,merged
per_fold,1.0,3.0,1,33921.0,0.13106959,0.11992174,0.6056128,0.20279212,0.26331758,0.22734104,discharge
per_fold,1.0,4.0,1,33921.0,0.12493737,0.13746741,0.18808661,0.18668818,0.686976,0.30113545,merged
per_fold,2.0,0.0,1,33954.0,0.45769477,0.40775093,0.11715437,0.18124917,0.42515087,0.37562338,admission
per_fold,2.0,1.0,1,33954.0,0.44545317,0.41993487,0.17620488,0.1925659,0.37834197,0.33839715,admission
per_fold,2.0,2.0,1,33954.0,0.33208272,0.34531492,0.048617724,0.08638761,0.61929953,0.33840322,merged
per_fold,2.0,3.0,1,33954.0,0.2646386,0.29812378,0.059504803,0.13405074,0.6758566,0.30201983,merged
per_fold,2.0,4.0,1,33954.0,0.34943196,0.44497916,0.07954387,0.12649632,0.5710241,0.40926373,merged
per_fold,3.0,0.0,1,34128.0,0.56308997,0.34763563,0.124759,0.122468695,0.312151,0.27547574,admission
per_fold,3.0,1.0,1,34128.0,0.23311076,0.2684441,0.23961048,0.18385333,0.5272787,0.40746284,merged
per_fold,3.0,2.0,1,34128.0,0.24994524,0.19475584,0.24834192,0.2302625,0.5017128,0.3954768,merged
per_fold,3.0,3.0,1,34128.0,0.30524912,0.18002526,0.054741573,0.10551,0.6400093,0.20193484,merged
per_fold,3.0,4.0,1,34128.0,0.30778623,0.08389494,0.2722912,0.1699246,0.41992253,0.19814506,merged
per_fold,1.0,0.0,2,8720.0,0.09529772,0.14764036,0.25340438,0.23102053,0.6512979,0.2987741,merged
per_fold,1.0,1.0,2,8720.0,0.09853612,0.13149564,0.109014876,0.17845836,0.792449,0.24938749,merged
per_fold,1.0,2.0,2,8720.0,0.17186363,0.2997219,0.12097854,0.21151096,0.7071578,0.32089052,merged
per_fold,1.0,3.0,2,8720.0,0.087588325,0.11704733,0.3836307,0.29530624,0.528781,0.32723075,merged
per_fold,1.0,4.0,2,8720.0,0.063849576,0.10643332,0.1503033,0.17824021,0.7858471,0.25028038,merged
per_fold,2.0,0.0,2,8749.0,0.27061468,0.30765274,0.13198149,0.20833446,0.5974038,0.34589767,merged
per_fold,2.0,1.0,2,8749.0,0.25893825,0.33500442,0.14502512,0.22139534,0.5960367,0.36788335,merged
per_fold,2.0,2.0,2,8749.0,0.13784444,0.2125481,0.037722662,0.07798484,0.8244329,0.24060962,merged
per_fold,2.0,3.0,2,8749.0,0.14710183,0.21163568,0.06937365,0.17575161,0.7835245,0.2737887,merged
per_fold,2.0,4.0,2,8749.0,0.20290175,0.2968464,0.06481045,0.124167934,0.7322878,0.30405736,merged
per_fold,3.0,0.0,2,8599.0,0.40034407,0.24758348,0.20889525,0.12186373,0.3907607,0.18649168,admission
per_fold,3.0,1.0,2,8599.0,0.14910842,0.20192714,0.22411281,0.19217898,0.6267787,0.33492213,merged
per_fold,3.0,2.0,2,8599.0,0.16193916,0.17102404,0.21717705,0.18269117,0.62088376,0.30774274,merged
per_fold,3.0,3.0,2,8599.0,0.19705391,0.20017211,0.057840127,0.114178345,0.7451059,0.245193,merged
per_fold,3.0,4.0,2,8599.0,0.266728,0.10895747,0.26380414,0.15815543,0.46946782,0.1746357,merged
per_fold,1.0,0.0,3,7323.0,0.08338,0.14376774,0.27875838,0.22169633,0.6378616,0.2919968,merged
per_fold,1.0,1.0,3,7323.0,0.102409184,0.13592131,0.12116481,0.17716101,0.776426,0.25043565,merged
per_fold,1.0,2.0,3,7323.0,0.19072598,0.27492422,0.15946461,0.21382417,0.6498094,0.28738523,merged
per_fold,1.0,3.0,3,7323.0,0.10678598,0.1322909,0.34068206,0.27920887,0.55253196,0.32085314,merged
per_fold,1.0,4.0,3,7323.0,0.07516166,0.10599593,0.17870422,0.18240127,0.7461341,0.25126126,merged
per_fold,2.0,0.0,3,7405.0,0.27688003,0.30982482,0.14357191,0.21273395,0.57954806,0.350944,merged
per_fold,2.0,1.0,3,7405.0,0.2556669,0.3277599,0.14368437,0.2169912,0.6006487,0.36913773,merged
per_fold,2.0,2.0,3,7405.0,0.098244466,0.17662857,0.03096022,0.070247605,0.8707953,0.20765458,merged
per_fold,2.0,3.0,3,7405.0,0.14928716,0.20318262,0.08046748,0.1851055,0.7702454,0.27805585,merged
per_fold,2.0,4.0,3,7405.0,0.23020522,0.2960512,0.070959955,0.1274739,0.69883484,0.30424052,merged
per_fold,3.0,0.0,3,7425.0,0.3955647,0.2485572,0.22270384,0.12527965,0.38173148,0.18908393,admission
per_fold,3.0,1.0,3,7425.0,0.15947813,0.1905978,0.2695831,0.20663176,0.57093877,0.33531788,merged
per_fold,3.0,2.0,3,7425.0,0.15835589,0.16870916,0.23649569,0.18018058,0.60514843,0.30604842,merged
per_fold,3.0,3.0,3,7425.0,0.19927394,0.2054303,0.07746168,0.12949951,0.72326434,0.25678048,merged
per_fold,3.0,4.0,3,7425.0,0.23840609,0.11457072,0.29164943,0.16347964,0.46994448,0.17397012,merged
per_fold,1.0,0.0,4,6582.0,0.07058999,0.13137923,0.28200975,0.2051468,0.64740026,0.2727384,merged
per_fold,1.0,1.0,4,6582.0,0.08711669,0.12513015,0.12309333,0.16034812,0.78979,0.23132145,merged
per_fold,1.0,2.0,4,6582.0,0.18935667,0.2297321,0.18404594,0.21212174,0.6265974,0.2552845,merged
per_fold,1.0,3.0,4,6582.0,0.09492892,0.1179133,0.31379822,0.27162623,0.59127283,0.31238735,merged
per_fold,1.0,4.0,4,6582.0,0.07874251,0.103099205,0.18660133,0.17196347,0.73465616,0.24148446,merged
per_fold,2.0,0.0,4,6694.0,0.24796522,0.2684245,0.14554277,0.20391226,0.60649204,0.32322407,merged
per_fold,2.0,1.0,4,6694.0,0.20608112,0.2902652,0.12745866,0.20505574,0.6664602,0.34982583,merged
per_fold,2.0,2.0,4,6694.0,0.07341566,0.15412787,0.027987758,0.06975511,0.8985966,0.19078553,merged
per_fold,2.0,3.0,4,6694.0,0.13356371,0.18988758,0.07115498,0.17656101,0.79528135,0.2664915,merged
per_fold,2.0,4.0,4,6694.0,0.2404364,0.2745088,0.059925236,0.11416565,0.6996383,0.28394914,merged
per_fold,3.0,0.0,4,6885.0,0.380499,0.22117424,0.22646964,0.11659713,0.39303136,0.17961363,merged
per_fold,3.0,1.0,4,6885.0,0.15451065,0.163311,0.27842703,0.20014396,0.5670623,0.31087753,merged
per_fold,3.0,2.0,4,6885.0,0.139648,0.16573842,0.24063158,0.16910732,0.6197204,0.2872466,merged
per_fold,3.0,3.0,4,6885.0,0.17881314,0.20073883,0.08504821,0.118067324,0.73613864,0.24502826,merged
per_fold,3.0,4.0,4,6885.0,0.18979219,0.121089526,0.30378172,0.15508606,0.5064261,0.17812288,merged
per_fold,1.0,0.0,5,6717.0,0.07084617,0.12891303,0.30724296,0.19900213,0.62191087,0.2615549,merged
per_fold,1.0,1.0,5,6717.0,0.07996036,0.122342095,0.12814806,0.15083481,0.7918916,0.22105871,merged
per_fold,1.0,2.0,5,6717.0,0.21617256,0.22733866,0.1811368,0.19179991,0.60269064,0.24206518,merged
per_fold,1.0,3.0,5,6717.0,0.09349596,0.11566031,0.26882592,0.26290578,0.63767815,0.30852285,merged
per_fold,1.0,4.0,5,6717.0,0.08747468,0.10735679,0.19811802,0.16742909,0.7144073,0.24433203,merged
per_fold,2.0,0.0,5,6822.0,0.26811707,0.2582119,0.15722255,0.20141906,0.57466036,0.30857363,merged
per_fold,2.0,1.0,5,6822.0,0.18684062,0.28301355,0.11619161,0.19722015,0.6969677,0.34248275,merged
per_fold,2.0,2.0,5,6822.0,0.06330366,0.14439313,0.026652675,0.0706824,0.91004366,0.18401468,merged
per_fold,2.0,3.0,5,6822.0,0.11514706,0.1763221,0.06328307,0.1661485,0.82156986,0.25335684,merged
per_fold,2.0,4.0,5,6822.0,0.25695968,0.27275097,0.054860763,0.10706838,0.68817955,0.27798843,merged
per_fold,3.0,0.0,5,6791.0,0.3907568,0.21147884,0.21892908,0.11071345,0.39031413,0.17028993,admission
per_fold,3.0,1.0,5,6791.0,0.16760893,0.15336026,0.2951495,0.20097429,0.5372416,0.29763976,merged
per_fold,3.0,2.0,5,6791.0,0.12650017,0.16816385,0.25266,0.17989866,0.6208398,0.28729862,merged
per_fold,3.0,3.0,5,6791.0,0.18049924,0.20244595,0.1125087,0.12022011,0.7069921,0.23169702,merged
per_fold,3.0,4.0,5,6791.0,0.14985979,0.13434441,0.32279748,0.16633403,0.52734274,0.19218881,merged
per_fold,1.0,0.0,6,4782.0,0.08021579,0.13530551,0.31512406,0.2079392,0.60466015,0.27149397,merged
per_fold,1.0,1.0,6,4782.0,0.092334844,0.12974216,0.14680023,0.16655307,0.7608649,0.2383517,merged
per_fold,1.0,2.0,6,4782.0,0.20504619,0.24469881,0.20556167,0.21219254,0.5893921,0.26405278,merged
per_fold,1.0,3.0,6,4782.0,0.099274725,0.12462046,0.32285586,0.2766561,0.5778694,0.31794116,merged
per_fold,1.0,4.0,6,4782.0,0.08827021,0.1162277,0.2007795,0.17732146,0.7109503,0.25903735,merged
per_fold,2.0,0.0,6,4835.0,0.27744514,0.27312884,0.17829885,0.21518764,0.54425603,0.31463236,merged
per_fold,2.0,1.0,6,4835.0,0.23046216,0.30371755,0.14884524,0.21473871,0.6206926,0.35490662,merged
per_fold,2.0,2.0,6,4835.0,0.083755076,0.15958145,0.037686132,0.08300428,0.87855875,0.20621452,merged
per_fold,2.0,3.0,6,4835.0,0.1335785,0.18703812,0.08933828,0.19173785,0.7770832,0.27230728,merged
per_fold,2.0,4.0,6,4835.0,0.25893965,0.29267326,0.070110835,0.1174301,0.67094946,0.29612252,merged
per_fold,3.0,0.0,6,4694.0,0.39061546,0.23065889,0.23694852,0.124181464,0.37243602,0.1812803,admission
per_fold,3.0,1.0,6,4694.0,0.17210793,0.15855482,0.31376365,0.20983393,0.51412845,0.309019,merged
per_fold,3.0,2.0,6,4694.0,0.15079097,0.17687245,0.25800827,0.18808244,0.5912007,0.29758593,merged
per_fold,3.0,3.0,6,4694.0,0.20736176,0.21124564,0.12976426,0.13763,0.662874,0.24542001,merged
per_fold,3.0,4.0,6,4694.0,0.16813393,0.13346902,0.33540964,0.17887044,0.4964564,0.18813312,merged
per_fold,1.0,0.0,7,4437.0,0.09486876,0.14685117,0.35683098,0.22029844,0.54830027,0.28137025,merged
per_fold,1.0,1.0,7,4437.0,0.09460274,0.13015074,0.15712957,0.1765849,0.7482677,0.2486537,merged
per_fold,1.0,2.0,7,4437.0,0.21984066,0.27411595,0.22888765,0.22148027,0.5512717,0.2763718,merged
per_fold,1.0,3.0,7,4437.0,0.105811074,0.1364961,0.3416553,0.28702083,0.55253357,0.33469826,merged
per_fold,1.0,4.0,7,4437.0,0.08779446,0.11875838,0.22158876,0.18598683,0.6906168,0.2709594,merged
per_fold,2.0,0.0,7,4473.0,0.29003194,0.2923356,0.19508469,0.2323659,0.5148834,0.33553156,merged
per_fold,2.0,1.0,7,4473.0,0.24241565,0.31591654,0.16157913,0.22607338,0.5960052,0.36401445,merged
per_fold,2.0,2.0,7,4473.0,0.09384197,0.16977803,0.04536502,0.09002045,0.860793,0.21856935,merged
per_fold,2.0,3.0,7,4473.0,0.1305465,0.18682203,0.10076951,0.2104509,0.76868397,0.28683704,merged
per_fold,2.0,4.0,7,4473.0,0.26652846,0.30872092,0.078692086,0.12546508,0.6547795,0.30977988,merged
per_fold,3.0,0.0,7,4487.0,0.4043478,0.24307708,0.25698635,0.13414896,0.33866587,0.18619657,admission
per_fold,3.0,1.0,7,4487.0,0.1791616,0.16721779,0.3404153,0.22242397,0.4804231,0.3253334,merged
per_fold,3.0,2.0,7,4487.0,0.14723846,0.18263996,0.2688271,0.20338967,0.5839344,0.31170958,merged
per_fold,3.0,3.0,7,4487.0,0.20893185,0.2157054,0.16009752,0.1593357,0.63097066,0.25156802,merged
per_fold,3.0,4.0,7,4487.0,0.15794164,0.13786182,0.3705137,0.19399631,0.47154465,0.19266902,merged
per_fold,1.0,0.0,8,3373.0,0.14443545,0.16885448,0.34988615,0.2282392,0.5056784,0.29329333,merged
per_fold,1.0,1.0,8,3373.0,0.14043587,0.15519936,0.19977398,0.20875,0.65979016,0.28392726,merged
per_fold,1.0,2.0,8,3373.0,0.20186257,0.305172,0.2721073,0.26134136,0.5260301,0.30282015,merged
per_fold,1.0,3.0,8,3373.0,0.123085,0.14582606,0.4473647,0.29928643,0.42955035,0.33337462,discharge
per_fold,1.0,4.0,8,3373.0,0.09800865,0.12378774,0.22706056,0.20135827,0.67493075,0.2808985,merged
per_fold,2.0,0.0,8,3326.0,0.29942024,0.294792,0.25187722,0.26838833,0.44870257,0.3299775,merged
per_fold,2.0,1.0,8,3326.0,0.29021817,0.3196089,0.227171,0.25587982,0.48261085,0.36004564,merged
per_fold,2.0,2.0,8,3326.0,0.1363597,0.18646975,0.08048899,0.11284517,0.7831513,0.24046925,merged
per_fold,2.0,3.0,8,3326.0,0.17045628,0.20471078,0.1666186,0.24898097,0.6629251,0.3152774,merged
per_fold,2.0,4.0,8,3326.0,0.2374951,0.31793267,0.12307125,0.1499864,0.6394337,0.3122002,merged
per_fold,3.0,0.0,8,3385.0,0.40239906,0.26737428,0.24932303,0.13729106,0.3482779,0.19065529,admission
per_fold,3.0,1.0,8,3385.0,0.17425863,0.18428354,0.3335052,0.22537632,0.49223614,0.328636,merged
per_fold,3.0,2.0,8,3385.0,0.19028383,0.18765138,0.25386748,0.1893987,0.5558487,0.31172496,merged
per_fold,3.0,3.0,8,3385.0,0.25237346,0.22766446,0.15595391,0.15981215,0.59167266,0.26253122,merged
per_fold,3.0,4.0,8,3385.0,0.20889781,0.13502507,0.36327088,0.20599453,0.42783135,0.20090133,merged
per_fold,1.0,0.0,9,2258.0,0.13904326,0.16513509,0.36494625,0.23075238,0.49601048,0.29793882,merged
per_fold,1.0,1.0,9,2258.0,0.13120352,0.15523285,0.19717936,0.21393968,0.67161715,0.28831348,merged
per_fold,1.0,2.0,9,2258.0,0.20882957,0.31217253,0.27834794,0.26777044,0.5128225,0.30805945,merged
per_fold,1.0,3.0,9,2258.0,0.11957863,0.15288918,0.44606775,0.30723974,0.43435362,0.34337747,discharge
per_fold,1.0,4.0,9,2258.0,0.09432687,0.124930866,0.23488393,0.20388095,0.6707892,0.28444344,merged
per_fold,2.0,0.0,9,2224.0,0.30168775,0.30580992,0.23618786,0.26031166,0.46212438,0.3389705,merged
per_fold,2.0,1.0,9,2224.0,0.2809659,0.32692868,0.21288013,0.25549832,0.50615394,0.36822623,merged
per_fold,2.0,2.0,9,2224.0,0.13394007,0.1853968,0.076421425,0.11556958,0.7896385,0.24360275,merged
per_fold,2.0,3.0,9,2224.0,0.1585989,0.20216368,0.14888234,0.242306,0.6925187,0.31259716,merged
per_fold,2.0,4.0,9,2224.0,0.24361318,0.3279167,0.107390255,0.14613898,0.64899653,0.32200184,merged
per_fold,3.0,0.0,9,2249.0,0.382227,0.25891507,0.25683814,0.13469827,0.36093485,0.18613543,admission
per_fold,3.0,1.0,9,2249.0,0.16600765,0.1804275,0.32853344,0.22781047,0.5054589,0.32942876,merged
per_fold,3.0,2.0,9,2249.0,0.18151951,0.18728232,0.24825671,0.18964991,0.5702238,0.31242147,merged
per_fold,3.0,3.0,9,2249.0,0.2441539,0.23098175,0.1599764,0.16870983,0.5958697,0.27646104,merged
per_fold,3.0,4.0,9,2249.0,0.20920531,0.13553768,0.3645407,0.21080482,0.42625397,0.20976856,merged
per_fold,1.0,0.0,10,1796.0,0.13261005,0.16570738,0.35187858,0.22446318,0.51551133,0.29841182,merged
per_fold,1.0,1.0,10,1796.0,0.12985556,0.14516667,0.20571338,0.21257377,0.6644311,0.28293815,merged
per_fold,1.0,2.0,10,1796.0,0.19208407,0.30283746,0.27866608,0.26587832,0.52924985,0.31052318,merged
per_fold,1.0,3.0,10,1796.0,0.11365974,0.14681327,0.44457892,0.30408752,0.44176134,0.33892193,discharge
per_fold,1.0,4.0,10,1796.0,0.09194528,0.12543443,0.2261521,0.20235232,0.68190265,0.28157306,merged
per_fold,2.0,0.0,10,1789.0,0.28304678,0.30373895,0.23839034,0.26675358,0.4785629,0.34672692,merged
per_fold,2.0,1.0,10,1789.0,0.2741403,0.32037893,0.20960806,0.24390858,0.5162516,0.361722,merged
per_fold,2.0,2.0,10,1789.0,0.12921469,0.17871131,0.078744605,0.11463082,0.7920407,0.2381096,merged
per_fold,2.0,3.0,10,1789.0,0.15993732,0.20326626,0.14984794,0.2434738,0.69021475,0.31395957,merged
per_fold,2.0,4.0,10,1789.0,0.22431032,0.31559676,0.10949314,0.14270444,0.6661965,0.3157023,merged
per_fold,3.0,0.0,10,1852.0,0.3697872,0.2565406,0.2626021,0.13030967,0.36761072,0.18733291,admission
per_fold,3.0,1.0,10,1852.0,0.15496205,0.17670202,0.3194022,0.2365929,0.5256358,0.33572102,merged
per_fold,3.0,2.0,10,1852.0,0.17167991,0.18360999,0.23888302,0.1869635,0.58943707,0.30719587,merged
per_fold,3.0,3.0,10,1852.0,0.23495677,0.23820418,0.14552495,0.16233319,0.6195182,0.28250313,merged
per_fold,3.0,4.0,10,1852.0,0.2057546,0.12958789,0.3614887,0.21645017,0.43275672,0.2113955,merged
per_fold,1.0,0.0,11,1571.0,0.12943485,0.1604156,0.33929294,0.22978798,0.5312722,0.30123854,merged
per_fold,1.0,1.0,11,1571.0,0.14295074,0.15613236,0.20788866,0.21507393,0.6491606,0.2879892,merged
per_fold,1.0,2.0,11,1571.0,0.1692856,0.29119653,0.2825461,0.26726678,0.5481683,0.31029338,merged
per_fold,1.0,3.0,11,1571.0,0.11838274,0.15280207,0.44529745,0.30105278,0.43631977,0.33669427,discharge
per_fold,1.0,4.0,11,1571.0,0.0844401,0.11796489,0.22355898,0.21102192,0.6920009,0.28458744,merged
per_fold,2.0,0.0,11,1556.0,0.27673107,0.30146524,0.24648918,0.2703241,0.47677973,0.346718,merged
per_fold,2.0,1.0,11,1556.0,0.27419183,0.3153833,0.22952382,0.2548039,0.49628434,0.36417812,merged
per_fold,2.0,2.0,11,1556.0,0.13693829,0.18106748,0.085770614,0.11591124,0.7772911,0.23614465,merged
per_fold,2.0,3.0,11,1556.0,0.16045094,0.19963539,0.16721629,0.25562602,0.67233276,0.3171605,merged
per_fold,2.0,4.0,11,1556.0,0.21091858,0.3141142,0.11910019,0.15173128,0.66998124,0.31662378,merged
per_fold,3.0,0.0,11,1538.0,0.37246856,0.25353557,0.25524354,0.12492003,0.3722879,0.18192582,admission
per_fold,3.0,1.0,11,1538.0,0.14930421,0.17867252,0.30732545,0.22980298,0.54337037,0.33475646,merged
per_fold,3.0,2.0,11,1538.0,0.18301147,0.1824315,0.23330629,0.18034035,0.58368224,0.3035584,merged
per_fold,3.0,3.0,11,1538.0,0.24626687,0.24219953,0.14250201,0.16000356,0.61123115,0.28451195,merged
per_fold,3.0,4.0,11,1538.0,0.21981576,0.12828153,0.35400555,0.2126388,0.42617872,0.21191481,merged
per_fold,1.0,0.0,12,1342.0,0.12691274,0.15685035,0.33776745,0.22204736,0.5353198,0.29982936,merged
per_fold,1.0,1.0,12,1342.0,0.14454632,0.15763624,0.20622522,0.2123039,0.64922845,0.2864645,merged
per_fold,1.0,2.0,12,1342.0,0.17179495,0.2994988,0.27832964,0.26363477,0.54987544,0.3155443,merged
per_fold,1.0,3.0,12,1342.0,0.11767604,0.15605137,0.44059065,0.29989043,0.4417333,0.33845156,merged
per_fold,1.0,4.0,12,1342.0,0.082928024,0.120703235,0.21388842,0.19840318,0.70318353,0.27740672,merged
per_fold,2.0,0.0,12,1337.0,0.2849574,0.31835794,0.2465254,0.27274206,0.46851718,0.3498718,merged
per_fold,2.0,1.0,12,1337.0,0.29283842,0.33361608,0.22210214,0.2548855,0.48505944,0.3644932,merged
per_fold,2.0,2.0,12,1337.0,0.14801203,0.18603233,0.0848413,0.11364162,0.76714665,0.23817152,merged
per_fold,2.0,3.0,12,1337.0,0.1580803,0.19842213,0.17157616,0.25816235,0.6703436,0.3111688,merged
per_fold,2.0,4.0,12,1337.0,0.22644077,0.3315902,0.11063657,0.14427331,0.6629226,0.32757747,merged
per_fold,3.0,0.0,12,1332.0,0.3793793,0.271239,0.25376412,0.13641903,0.3668566,0.19396798,admission
per_fold,3.0,1.0,12,1332.0,0.15311983,0.18290459,0.3228017,0.24086396,0.5240785,0.34267604,merged
per_fold,3.0,2.0,12,1332.0,0.18257391,0.18887432,0.23224756,0.17740285,0.58517855,0.30844736,merged
per_fold,3.0,3.0,12,1332.0,0.2563885,0.24270327,0.14550264,0.16509522,0.5981089,0.28813684,merged
per_fold,3.0,4.0,12,1332.0,0.21840633,0.12553094,0.3574618,0.2239036,0.42413184,0.2204606,merged
per_fold,1.0,0.0,13,1729.0,0.12078582,0.15040459,0.3068375,0.21830076,0.57237667,0.29737726,merged
per_fold,1.0,1.0,13,1729.0,0.13283548,0.15454224,0.19216228,0.20122804,0.6750022,0.2776421,merged
per_fold,1.0,2.0,13,1729.0,0.16058129,0.27859813,0.27346188,0.24569276,0.56595683,0.29709178,merged
per_fold,1.0,3.0,13,1729.0,0.1226453,0.15692267,0.386657,0.29820427,0.4906977,0.35099813,merged
per_fold,1.0,4.0,13,1729.0,0.08005984,0.114827104,0.20961548,0.19081876,0.7103247,0.26909706,merged
per_fold,2.0,0.0,13,1767.0,0.25548217,0.2917391,0.22239803,0.2580527,0.5221198,0.35185766,merged
per_fold,2.0,1.0,13,1767.0,0.2434359,0.3052396,0.21019803,0.24081995,0.54636604,0.3572721,merged
per_fold,2.0,2.0,13,1767.0,0.10498373,0.16250333,0.06812162,0.10663922,0.82689464,0.22239439,merged
per_fold,2.0,3.0,13,1767.0,0.13408384,0.19185759,0.1429645,0.23600782,0.72295165,0.30892116,merged
per_fold,2.0,4.0,13,1767.0,0.24247834,0.31121248,0.11094383,0.13489072,0.64657784,0.31310046,merged
per_fold,3.0,0.0,13,1754.0,0.37689936,0.24593125,0.24716812,0.119738914,0.37593248,0.18322037,admission
per_fold,3.0,1.0,13,1754.0,0.12883037,0.17038317,0.27780157,0.22778276,0.59336805,0.33525607,merged
per_fold,3.0,2.0,13,1754.0,0.16229221,0.1808594,0.21851854,0.17153293,0.61918926,0.30068251,merged
per_fold,3.0,3.0,13,1754.0,0.2180838,0.23424359,0.15125914,0.16624966,0.6306571,0.281137,merged
per_fold,3.0,4.0,13,1754.0,0.19123505,0.1264871,0.32650605,0.21164377,0.48225892,0.22592922,merged
per_fold,1.0,0.0,14,2185.0,0.11329467,0.15279995,0.29917198,0.21149515,0.58753335,0.2927849,merged
per_fold,1.0,1.0,14,2185.0,0.13885924,0.1612953,0.18966609,0.18878429,0.67147464,0.2689695,merged
per_fold,1.0,2.0,14,2185.0,0.15868172,0.26604438,0.25297207,0.23877388,0.58834624,0.29073966,merged
per_fold,1.0,3.0,14,2185.0,0.11725612,0.15423472,0.3605022,0.2986093,0.52224165,0.3514261,merged
per_fold,1.0,4.0,14,2185.0,0.08501749,0.117438294,0.20016137,0.1825428,0.7148211,0.26025003,merged
per_fold,2.0,0.0,14,2207.0,0.24588954,0.29435337,0.2209777,0.258341,0.5331328,0.35693052,merged
per_fold,2.0,1.0,14,2207.0,0.24243496,0.30587143,0.20455875,0.23480412,0.55300635,0.35689768,merged
per_fold,2.0,2.0,14,2207.0,0.10815573,0.15821105,0.08034492,0.112660065,0.8114993,0.21897735,merged
per_fold,2.0,3.0,14,2207.0,0.13034984,0.1884127,0.14377494,0.24021831,0.7258752,0.31185204,merged
per_fold,2.0,4.0,14,2207.0,0.22296876,0.2926324,0.11947278,0.1411028,0.6575585,0.29246724,merged
per_fold,3.0,0.0,14,2222.0,0.37363213,0.2414235,0.24892798,0.12101062,0.37743992,0.1751396,merged
per_fold,3.0,1.0,14,2222.0,0.12687771,0.17038082,0.27770257,0.21750629,0.5954197,0.32188562,merged
per_fold,3.0,2.0,14,2222.0,0.15603137,0.17703843,0.21408843,0.16908,0.62988025,0.29623243,merged
per_fold,3.0,3.0,14,2222.0,0.21708997,0.23203851,0.1393006,0.16262221,0.6436094,0.28790653,merged
per_fold,3.0,4.0,14,2222.0,0.18778437,0.13284793,0.32988924,0.21338741,0.48232645,0.22916469,merged
per_fold,1.0,0.0,15,2015.0,0.18576595,0.15860549,0.34320447,0.2216211,0.47102955,0.29782435,merged
per_fold,1.0,1.0,15,2015.0,0.17633946,0.1584952,0.22220533,0.20883845,0.6014552,0.28141257,merged
per_fold,1.0,2.0,15,2015.0,0.20729098,0.34383944,0.30101287,0.26818678,0.49169612,0.3108932,merged
per_fold,1.0,3.0,15,2015.0,0.15181258,0.1584463,0.48614338,0.28113052,0.36204404,0.32072762,discharge
per_fold,1.0,4.0,15,2015.0,0.11134032,0.1256232,0.25026485,0.20457876,0.63839483,0.28327343,merged
per_fold,2.0,0.0,15,2011.0,0.30885303,0.30777717,0.2652588,0.26378235,0.42588818,0.33037373,merged
per_fold,2.0,1.0,15,2011.0,0.31896126,0.31949025,0.25133374,0.24138162,0.42970502,0.3312756,merged
per_fold,2.0,2.0,15,2011.0,0.14354138,0.17129424,0.10547876,0.12078886,0.75097984,0.22845793,merged
per_fold,2.0,3.0,15,2011.0,0.1830472,0.20130709,0.1979817,0.24263525,0.6189711,0.2990715,merged
per_fold,2.0,4.0,15,2011.0,0.23165363,0.3260579,0.15548338,0.15682045,0.612863,0.31042576,merged
per_fold,3.0,0.0,15,1994.0,0.40133885,0.289847,0.23906429,0.1329793,0.35959685,0.19711336,admission
per_fold,3.0,1.0,15,1994.0,0.16632707,0.1906366,0.33137918,0.22600289,0.50229377,0.33187932,merged
per_fold,3.0,2.0,15,1994.0,0.20754667,0.18608755,0.2327452,0.16217999,0.5597081,0.31125596,merged
per_fold,3.0,3.0,15,1994.0,0.2834524,0.23691922,0.15820073,0.16635276,0.5583469,0.26957396,merged
per_fold,3.0,4.0,15,1994.0,0.23503453,0.11811518,0.35098913,0.21279074,0.41397637,0.21179737,merged
per_fold,1.0,0.0,16,1376.0,0.17301615,0.1660445,0.34966204,0.22011317,0.4773218,0.29713634,merged
per_fold,1.0,1.0,16,1376.0,0.17155832,0.16098773,0.2359847,0.22153015,0.592457,0.29028395,merged
per_fold,1.0,2.0,16,1376.0,0.17807649,0.31863898,0.3204667,0.27620247,0.5014568,0.30881765,merged
per_fold,1.0,3.0,16,1376.0,0.14334431,0.16762513,0.48466426,0.28858256,0.37199146,0.32443997,discharge
per_fold,1.0,4.0,16,1376.0,0.09764863,0.12475384,0.23969719,0.20766293,0.66265416,0.287255,merged
per_fold,2.0,0.0,16,1340.0,0.2992962,0.31212893,0.3076746,0.29723695,0.39302918,0.33929932,merged
per_fold,2.0,1.0,16,1340.0,0.31757864,0.31898934,0.27974865,0.27421442,0.4026727,0.34147844,merged
per_fold,2.0,2.0,16,1340.0,0.1432476,0.17650545,0.10420143,0.11964331,0.75255096,0.23406516,merged
per_fold,2.0,3.0,16,1340.0,0.18546322,0.19749255,0.23265855,0.27891803,0.58187824,0.318153,merged
per_fold,2.0,4.0,16,1340.0,0.2289876,0.32239786,0.15247533,0.1642797,0.61853707,0.3133634,merged
per_fold,3.0,0.0,16,1352.0,0.38259825,0.28017884,0.25479624,0.1371215,0.36260554,0.19319779,admission
per_fold,3.0,1.0,16,1352.0,0.15737624,0.18701425,0.34545624,0.24040715,0.4971675,0.33019572,merged
per_fold,3.0,2.0,16,1352.0,0.20438302,0.18656261,0.23279285,0.16380182,0.56282413,0.3095424,merged
per_fold,3.0,3.0,16,1352.0,0.28822395,0.2469643,0.15880813,0.17200424,0.5529679,0.28869334,merged
per_fold,3.0,4.0,16,1352.0,0.22986133,0.1225695,0.37362984,0.22473367,0.39650884,0.22297207,merged
per_fold,1.0,0.0,17,1189.0,0.1600581,0.16193962,0.33275548,0.21209356,0.5071864,0.29618934,merged
per_fold,1.0,1.0,17,1189.0,0.17122573,0.16135661,0.24652566,0.22939335,0.58224857,0.293003,merged
per_fold,1.0,2.0,17,1189.0,0.1624356,0.29766685,0.31905824,0.2721067,0.5185061,0.3032693,merged
per_fold,1.0,3.0,17,1189.0,0.1363634,0.16832045,0.47580564,0.3019623,0.38783097,0.33398795,discharge
per_fold,1.0,4.0,17,1189.0,0.094878525,0.122140154,0.22525068,0.20542553,0.6798708,0.28241757,merged
per_fold,2.0,0.0,17,1176.0,0.2653883,0.29869404,0.283219,0.29424343,0.4513927,0.34967402,merged
per_fold,2.0,1.0,17,1176.0,0.28213257,0.30877334,0.2648072,0.2631751,0.45306024,0.3456637,merged
per_fold,2.0,2.0,17,1176.0,0.13150166,0.16799183,0.102538265,0.12177338,0.7659601,0.22966056,merged
per_fold,2.0,3.0,17,1176.0,0.171285,0.19860749,0.21127482,0.27258623,0.61744016,0.32250476,merged
per_fold,2.0,4.0,17,1176.0,0.20987247,0.30758834,0.1407858,0.15019603,0.6493417,0.30547905,merged
per_fold,3.0,0.0,17,1210.0,0.36947688,0.265834,0.2556811,0.12858537,0.374842,0.18742184,merged
per_fold,3.0,1.0,17,1210.0,0.14412752,0.17777787,0.33107823,0.23947132,0.5247942,0.326366,merged
per_fold,3.0,2.0,17,1210.0,0.191713,0.18183452,0.2263233,0.15596361,0.5819637,0.29791135,merged
per_fold,3.0,3.0,17,1210.0,0.26788458,0.24699554,0.1529158,0.16065468,0.5791996,0.29058346,merged
per_fold,3.0,4.0,17,1210.0,0.22062181,0.12818347,0.3581802,0.22484387,0.421198,0.22737534,merged
per_fold,1.0,0.0,18,1163.0,0.15506448,0.16812246,0.3217922,0.2155519,0.52314335,0.30228633,merged
per_fold,1.0,1.0,18,1163.0,0.16903351,0.16692741,0.22907077,0.21973659,0.60189575,0.2909946,merged
per_fold,1.0,2.0,18,1163.0,0.16706352,0.30371916,0.30291295,0.27530777,0.5300235,0.31410718,merged
per_fold,1.0,3.0,18,1163.0,0.13859706,0.16804752,0.4489038,0.29830396,0.4124991,0.33512178,discharge
per_fold,1.0,4.0,18,1163.0,0.09678519,0.123575315,0.2267132,0.19606692,0.6765016,0.27395263,merged
per_fold,2.0,0.0,18,1167.0,0.28209355,0.31245777,0.26932058,0.2824125,0.44858587,0.3503829,merged
per_fold,2.0,1.0,18,1167.0,0.30113077,0.32233816,0.25473616,0.25722912,0.44413307,0.35166773,merged
per_fold,2.0,2.0,18,1167.0,0.13626698,0.17141533,0.09593922,0.12133348,0.76779383,0.22960082,merged
per_fold,2.0,3.0,18,1167.0,0.17387594,0.20127383,0.19487768,0.26304293,0.6312463,0.320149,merged
per_fold,2.0,4.0,18,1167.0,0.23180786,0.31818104,0.14397022,0.15406795,0.6242219,0.3080395,merged
per_fold,3.0,0.0,18,1149.0,0.37963372,0.2786328,0.24695832,0.12991306,0.37340796,0.19200405,admission
per_fold,3.0,1.0,18,1149.0,0.14873883,0.18212995,0.32601574,0.23146436,0.5252454,0.32630908,merged
per_fold,3.0,2.0,18,1149.0,0.19131158,0.18656962,0.22452658,0.15686812,0.5841619,0.30350405,merged
per_fold,3.0,3.0,18,1149.0,0.26209554,0.24396461,0.14538266,0.16511384,0.5925218,0.28873983,merged
per_fold,3.0,4.0,18,1149.0,0.22137913,0.12986842,0.3524329,0.22508878,0.42618796,0.2231979,merged
per_fold,1.0,0.0,19,1150.0,0.16239515,0.16369253,0.34012362,0.22187684,0.4974812,0.30530667,merged
per_fold,1.0,1.0,19,1150.0,0.1697893,0.15827711,0.22913162,0.21091424,0.60107905,0.2837655,merged
per_fold,1.0,2.0,19,1150.0,0.1958546,0.32340923,0.3020007,0.27145067,0.5021447,0.3091356,merged
per_fold,1.0,3.0,19,1150.0,0.16046162,0.17359444,0.4396665,0.28403774,0.39987186,0.32894018,discharge
per_fold,1.0,4.0,19,1150.0,0.10413105,0.12466938,0.23447521,0.203166,0.6613937,0.28459248,merged
per_fold,2.0,0.0,19,1163.0,0.2792018,0.3184957,0.25735396,0.28561842,0.4634442,0.35634315,merged
per_fold,2.0,1.0,19,1163.0,0.28764796,0.3247135,0.25371382,0.26663378,0.45863822,0.35619324,merged
per_fold,2.0,2.0,19,1163.0,0.12415986,0.1666053,0.09120112,0.124217354,0.784639,0.23115684,merged
per_fold,2.0,3.0,19,1163.0,0.16346468,0.19803558,0.19676901,0.2732378,0.63976634,0.32338262,merged
per_fold,2.0,4.0,19,1163.0,0.23961344,0.32246357,0.13543668,0.15122269,0.6249499,0.3121683,merged
per_fold,3.0,0.0,19,1143.0,0.37092617,0.25975126,0.24787392,0.11875541,0.38119993,0.18430309,merged
per_fold,3.0,1.0,19,1143.0,0.13365436,0.17210959,0.30669972,0.23072849,0.55964595,0.32427365,merged
per_fold,3.0,2.0,19,1143.0,0.18260227,0.18269096,0.21920064,0.14830123,0.5981971,0.2919215,merged
per_fold,3.0,3.0,19,1143.0,0.24951473,0.24300665,0.14841205,0.15884148,0.6020732,0.2893167,merged
per_fold,3.0,4.0,19,1143.0,0.2089753,0.120739594,0.3473317,0.21470468,0.44369298,0.22540945,merged
per_fold,1.0,0.0,20,1390.0,0.14536592,0.15832208,0.32135105,0.21167783,0.533283,0.29900247,merged
per_fold,1.0,1.0,20,1390.0,0.15580046,0.15444215,0.22594413,0.20685048,0.6182554,0.28048995,merged
per_fold,1.0,2.0,20,1390.0,0.17437132,0.2970665,0.28783843,0.26122054,0.53779024,0.30142936,merged
per_fold,1.0,3.0,20,1390.0,0.14927204,0.16304079,0.41535863,0.29048714,0.43536934,0.33693305,merged
per_fold,1.0,4.0,20,1390.0,0.09859606,0.1232024,0.22338532,0.18757054,0.6780186,0.2703968,merged
per_fold,2.0,0.0,20,1406.0,0.24587053,0.27971473,0.25492048,0.26833302,0.49920902,0.3377634,merged
per_fold,2.0,1.0,20,1406.0,0.2406955,0.2866077,0.24519233,0.25011858,0.5141122,0.34382203,merged
per_fold,2.0,2.0,20,1406.0,0.10683758,0.15249498,0.08460734,0.1137981,0.8085551,0.21778539,merged
per_fold,2.0,3.0,20,1406.0,0.13516118,0.18350658,0.18166961,0.25548017,0.6831692,0.31301215,merged
per_fold,2.0,4.0,20,1406.0,0.20903102,0.2762699,0.14416209,0.1541962,0.6468069,0.2774786,merged
per_fold,3.0,0.0,20,1270.0,0.3615671,0.24662857,0.25205228,0.118885435,0.3863806,0.17743549,merged
per_fold,3.0,1.0,20,1270.0,0.13080387,0.16894084,0.29472175,0.22196986,0.5744744,0.31506974,merged
per_fold,3.0,2.0,20,1270.0,0.16953002,0.17618512,0.2184345,0.15172201,0.61203545,0.28251404,merged
per_fold,3.0,3.0,20,1270.0,0.22970487,0.2314391,0.15096956,0.1594236,0.6193256,0.2826153,merged
per_fold,3.0,4.0,20,1270.0,0.19778936,0.12794729,0.34116188,0.21278447,0.46104875,0.22209166,merged
per_fold,1.0,0.0,21,2212.0,0.14017424,0.15440032,0.34447917,0.21951154,0.5153466,0.3106551,merged
per_fold,1.0,1.0,21,2212.0,0.13347997,0.15003115,0.30523372,0.29475006,0.56128633,0.32511228,merged
per_fold,1.0,2.0,21,2212.0,0.14408852,0.24979167,0.35026473,0.30792198,0.50564677,0.30189106,merged
per_fold,1.0,3.0,21,2212.0,0.11705114,0.1466057,0.43794158,0.3450855,0.4450073,0.3727319,merged
per_fold,1.0,4.0,21,2212.0,0.08017553,0.110370904,0.21789843,0.1781295,0.70192605,0.2455212,merged
per_fold,2.0,0.0,21,2196.0,0.20694605,0.26370156,0.34314367,0.34037194,0.44991025,0.361289,merged
per_fold,2.0,1.0,21,2196.0,0.22072211,0.2659181,0.32137617,0.31836113,0.45790172,0.36361757,merged
per_fold,2.0,2.0,21,2196.0,0.07682775,0.13000715,0.07660834,0.113652214,0.8465639,0.20081107,merged
per_fold,2.0,3.0,21,2196.0,0.11842998,0.16673623,0.2752663,0.3505092,0.60630375,0.37415493,merged
per_fold,2.0,4.0,21,2196.0,0.193413,0.25947866,0.19392881,0.19304173,0.61265814,0.25727558,merged
per_fold,3.0,0.0,21,2185.0,0.32007587,0.2418061,0.27034625,0.12456451,0.40957788,0.18137504,merged
per_fold,3.0,1.0,21,2185.0,0.120598316,0.15128168,0.37368158,0.2898545,0.5057201,0.34471777,merged
per_fold,3.0,2.0,21,2185.0,0.15221488,0.16016442,0.25834936,0.17990766,0.58943576,0.27591482,merged
per_fold,3.0,3.0,21,2185.0,0.21362045,0.22181189,0.23471704,0.2465678,0.5516625,0.3213477,merged
per_fold,3.0,4.0,21,2185.0,0.15759291,0.13433021,0.4210915,0.29513615,0.4213156,0.26610932,merged
per_fold,1.0,0.0,22,1722.0,0.18337187,0.1558028,0.3387301,0.21529554,0.47789803,0.28938147,merged
per_fold,1.0,1.0,22,1722.0,0.17837584,0.1555854,0.24072301,0.20963489,0.58090115,0.2789213,merged
per_fold,1.0,2.0,22,1722.0,0.20849875,0.33598125,0.30497754,0.2584463,0.48652372,0.29517898,merged
per_fold,1.0,3.0,22,1722.0,0.16407132,0.1601927,0.46095896,0.28022543,0.37496972,0.32303348,discharge
per_fold,1.0,4.0,22,1722.0,0.10947551,0.12131797,0.2523396,0.19734728,0.63818485,0.27341387,merged
per_fold,2.0,0.0,22,1753.0,0.29795018,0.30314896,0.2837181,0.2712704,0.4183317,0.32351366,merged
per_fold,2.0,1.0,22,1753.0,0.3059962,0.30795565,0.27425477,0.24741103,0.419749,0.3201373,merged
per_fold,2.0,2.0,22,1753.0,0.12121966,0.16044919,0.10492165,0.12505189,0.7738587,0.22110644,merged
per_fold,2.0,3.0,22,1753.0,0.17967409,0.19370684,0.21782158,0.25368664,0.6025043,0.3005307,merged
per_fold,2.0,4.0,22,1753.0,0.2462906,0.31462657,0.17391863,0.15487452,0.5797908,0.289494,merged
per_fold,3.0,0.0,22,1807.0,0.3819104,0.26932052,0.2494616,0.12657112,0.36862797,0.18523721,admission
per_fold,3.0,1.0,22,1807.0,0.15915391,0.18342853,0.32863963,0.21521017,0.5122065,0.31030723,merged
per_fold,3.0,2.0,22,1807.0,0.19801548,0.17883624,0.22911745,0.14953491,0.57286704,0.29302385,merged
per_fold,3.0,3.0,22,1807.0,0.2744412,0.23408674,0.18283993,0.17337763,0.5427188,0.27071506,merged
per_fold,3.0,4.0,22,1807.0,0.22156265,0.12169315,0.35516626,0.21289778,0.42327112,0.22241771,merged
per_fold,1.0,0.0,23,1372.0,0.16629802,0.15772748,0.33916736,0.20849833,0.49453464,0.29210997,merged
per_fold,1.0,1.0,23,1372.0,0.16804706,0.16394496,0.23162371,0.20505017,0.6003293,0.28233522,merged
per_fold,1.0,2.0,23,1372.0,0.20094877,0.3182784,0.30103394,0.25251904,0.49801728,0.28780213,merged
per_fold,1.0,3.0,23,1372.0,0.15415448,0.16548675,0.43356755,0.2863532,0.41227797,0.3389962,discharge
per_fold,1.0,4.0,23,1372.0,0.0969004,0.11854939,0.24478336,0.19129954,0.6583162,0.27014944,merged
per_fold,2.0,0.0,23,1338.0,0.2801217,0.30916834,0.28051382,0.275735,0.43936443,0.33549476,merged
per_fold,2.0,1.0,23,1338.0,0.30056995,0.31238624,0.26358768,0.24075595,0.43584234,0.3289508,merged
per_fold,2.0,2.0,23,1338.0,0.110671714,0.15091065,0.09884551,0.12406263,0.79048276,0.21684748,merged
per_fold,2.0,3.0,23,1338.0,0.16682701,0.18138039,0.21470375,0.26061377,0.61846924,0.30684698,merged
per_fold,2.0,4.0,23,1338.0,0.24255629,0.3096804,0.16816388,0.1547988,0.58927983,0.28414753,merged
per_fold,3.0,0.0,23,1331.0,0.3926715,0.28471035,0.24874473,0.13465878,0.35858378,0.18918177,admission
per_fold,3.0,1.0,23,1331.0,0.15770338,0.18224281,0.34013146,0.2186922,0.50216514,0.317159,merged
per_fold,3.0,2.0,23,1331.0,0.19894327,0.18954293,0.23479234,0.15637062,0.5662644,0.30660525,merged
per_fold,3.0,3.0,23,1331.0,0.28888723,0.25371605,0.1660839,0.16514392,0.54502887,0.2762289,merged
per_fold,3.0,4.0,23,1331.0,0.20493272,0.12331105,0.3661668,0.20710288,0.42890045,0.22313918,merged
per_fold,1.0,0.0,24,1178.0,0.15682842,0.1604623,0.32332185,0.19617869,0.5198497,0.28737837,merged
per_fold,1.0,1.0,24,1178.0,0.16204637,0.15294234,0.2387294,0.20086458,0.5992242,0.27574366,merged
per_fold,1.0,2.0,24,1178.0,0.18796508,0.3005542,0.29739904,0.25078785,0.51463586,0.28495178,merged
per_fold,1.0,3.0,24,1178.0,0.15167315,0.15949251,0.40551293,0.287495,0.4428139,0.34172744,merged
per_fold,1.0,4.0,24,1178.0,0.10059725,0.119713694,0.23870891,0.19105375,0.6606939,0.26750764,merged
per_fold,2.0,0.0,24,1110.0,0.26681662,0.2981165,0.27268845,0.2708507,0.46049494,0.33565733,merged
per_fold,2.0,1.0,24,1110.0,0.2748921,0.2997181,0.26571718,0.25160927,0.45939073,0.33246738,merged
per_fold,2.0,2.0,24,1110.0,0.09915098,0.1463287,0.09230489,0.11940537,0.80854416,0.21300584,merged
per_fold,2.0,3.0,24,1110.0,0.1514366,0.17839995,0.21082309,0.2670056,0.6377403,0.31215447,merged
per_fold,2.0,4.0,24,1110.0,0.23401509,0.29401112,0.16924529,0.15900154,0.59673965,0.2763125,merged
per_fold,3.0,0.0,24,1219.0,0.36882704,0.26172772,0.25527298,0.12386445,0.37589994,0.18272157,merged
per_fold,3.0,1.0,24,1219.0,0.14125974,0.16674377,0.31706724,0.21728943,0.54167306,0.30854073,merged
per_fold,3.0,2.0,24,1219.0,0.18154033,0.18341766,0.22227715,0.15430348,0.5961825,0.294878,merged
per_fold,3.0,3.0,24,1219.0,0.252998,0.24032475,0.16973239,0.16634628,0.5772696,0.27853945,merged
per_fold,3.0,4.0,24,1219.0,0.19630001,0.1256536,0.34793743,0.20755605,0.45576254,0.22823943,merged
per_fold,1.0,0.0,25,1220.0,0.14820424,0.15789503,0.3322604,0.19727999,0.51953536,0.28391662,merged
per_fold,1.0,1.0,25,1220.0,0.1518875,0.15260978,0.2375467,0.19106677,0.6105658,0.27295864,merged
per_fold,1.0,2.0,25,1220.0,0.19909738,0.28909332,0.29032174,0.23442553,0.5105809,0.26781622,merged
per_fold,1.0,3.0,25,1220.0,0.14940488,0.15778206,0.37108967,0.28810233,0.47950545,0.35091686,merged
per_fold,1.0,4.0,25,1220.0,0.0987495,0.11769573,0.24584918,0.17715739,0.6554013,0.2541931,merged
per_fold,2.0,0.0,25,1164.0,0.26370186,0.29224944,0.26227108,0.26140422,0.47402707,0.32812935,merged
per_fold,2.0,1.0,25,1164.0,0.26436964,0.29193857,0.24854334,0.23265146,0.48708704,0.3263455,merged
per_fold,2.0,2.0,25,1164.0,0.090003215,0.14435177,0.07648347,0.110972755,0.8335133,0.20681177,merged
per_fold,2.0,3.0,25,1164.0,0.14952809,0.18954949,0.18550739,0.24767384,0.6649645,0.31011432,merged
per_fold,2.0,4.0,25,1164.0,0.25727114,0.29012677,0.16737197,0.1547466,0.57535684,0.27397007,merged
per_fold,3.0,0.0,25,1147.0,0.37114727,0.24119708,0.25533685,0.11498302,0.37351587,0.17476138,merged
per_fold,3.0,1.0,25,1147.0,0.14109312,0.16033216,0.3182248,0.21476367,0.5406821,0.2971082,merged
per_fold,3.0,2.0,25,1147.0,0.17492151,0.17687406,0.22198881,0.13636194,0.6030897,0.2789457,merged
per_fold,3.0,3.0,25,1147.0,0.24123228,0.24158025,0.18455422,0.17086717,0.57421356,0.2797168,merged
per_fold,3.0,4.0,25,1147.0,0.17535979,0.13085674,0.35376447,0.20362212,0.47087574,0.22669645,merged
per_fold,1.0,0.0,26,1231.0,0.1297922,0.14984463,0.3298327,0.20060655,0.54037505,0.2867458,merged
per_fold,1.0,1.0,26,1231.0,0.1416952,0.14757518,0.22592641,0.18999073,0.6323784,0.2688365,merged
per_fold,1.0,2.0,26,1231.0,0.2021071,0.2880097,0.27489543,0.23330158,0.5229975,0.26930863,merged
per_fold,1.0,3.0,26,1231.0,0.14345166,0.15560128,0.3562266,0.29166073,0.50032175,0.3527671,merged
per_fold,1.0,4.0,26,1231.0,0.09806405,0.11502971,0.24731636,0.18382463,0.6546196,0.25836927,merged
per_fold,2.0,0.0,26,1236.0,0.2765757,0.3096937,0.255893,0.25601023,0.46753126,0.3329947,merged
per_fold,2.0,1.0,26,1236.0,0.28021204,0.313886,0.24469423,0.23535566,0.4750937,0.33263403,merged
per_fold,2.0,2.0,26,1236.0,0.09099403,0.1432788,0.07778002,0.11332597,0.83122593,0.2030272,merged
per_fold,2.0,3.0,26,1236.0,0.13911036,0.17527811,0.18315306,0.249709,0.6777366,0.30515227,merged
per_fold,2.0,4.0,26,1236.0,0.27622947,0.3057054,0.15780716,0.15463123,0.5659634,0.2797164,merged
per_fold,3.0,0.0,26,1168.0,0.39247957,0.2664059,0.24570306,0.12579766,0.36181736,0.19198821,admission
per_fold,3.0,1.0,26,1168.0,0.14837483,0.18071449,0.30702072,0.21335985,0.5446045,0.3176028,merged
per_fold,3.0,2.0,26,1168.0,0.17391798,0.18433388,0.23223874,0.15091954,0.5938433,0.3006412,merged
per_fold,3.0,3.0,26,1168.0,0.24611217,0.24439546,0.1719976,0.17158149,0.5818902,0.27824515,merged
per_fold,3.0,4.0,26,1168.0,0.1688016,0.12973283,0.35174465,0.20636976,0.47945377,0.23003271,merged
per_fold,1.0,0.0,27,2008.0,0.1016156,0.14420898,0.31551376,0.19526754,0.5828706,0.27492797,merged
per_fold,1.0,1.0,27,2008.0,0.10851069,0.13483219,0.20543908,0.16770272,0.68605024,0.24676688,merged
per_fold,1.0,2.0,27,2008.0,0.19563,0.25925153,0.2233822,0.20743832,0.5809878,0.26144472,merged
per_fold,1.0,3.0,27,2008.0,0.12907124,0.15653312,0.27672377,0.27668792,0.59420496,0.35076421,merged
per_fold,1.0,4.0,27,2008.0,0.09662742,0.11870618,0.2302606,0.16613337,0.673112,0.24694665,merged
per_fold,2.0,0.0,27,1872.0,0.22241673,0.25037515,0.2602551,0.23812115,0.5173282,0.3108836,merged
per_fold,2.0,1.0,27,1872.0,0.19826555,0.2553726,0.2106045,0.2104751,0.59112996,0.31696495,merged
per_fold,2.0,2.0,27,1872.0,0.05197646,0.103600845,0.05650355,0.102558635,0.89151996,0.17450985,merged
per_fold,2.0,3.0,27,1872.0,0.09669389,0.15348513,0.14713146,0.22659107,0.7561747,0.2901272,merged
per_fold,2.0,4.0,27,1872.0,0.2596452,0.24177398,0.14994955,0.14386795,0.5904053,0.23503949,merged
per_fold,3.0,0.0,27,1868.0,0.37369773,0.21277471,0.25841665,0.11280066,0.36788562,0.1774751,admission
per_fold,3.0,1.0,27,1868.0,0.117877536,0.13574788,0.28874248,0.19580908,0.5933799,0.27697104,merged
per_fold,3.0,2.0,27,1868.0,0.13151345,0.15536927,0.21494475,0.14825669,0.6535418,0.26334864,merged
per_fold,3.0,3.0,27,1868.0,0.19903821,0.21783821,0.20720711,0.17700516,0.59375465,0.26359066,merged
per_fold,3.0,4.0,27,1868.0,0.12368218,0.12626451,0.35763857,0.19589016,0.51867926,0.22028594,merged
per_fold,1.0,0.0,28,3694.0,0.0794926,0.12791812,0.30512846,0.18531653,0.6153789,0.25401646,merged
per_fold,1.0,1.0,28,3694.0,0.08682044,0.13453458,0.17746948,0.1501201,0.7357101,0.23165339,merged
per_fold,1.0,2.0,28,3694.0,0.1820864,0.22243042,0.2107536,0.20243438,0.60716003,0.24919377,merged
per_fold,1.0,3.0,28,3694.0,0.094991595,0.13414915,0.21907176,0.26497576,0.6859366,0.3381585,merged
per_fold,1.0,4.0,28,3694.0,0.071305394,0.10191407,0.19628096,0.15793806,0.7324137,0.22689384,merged
per_fold,2.0,0.0,28,3777.0,0.1985237,0.23948488,0.25587282,0.24943888,0.5456035,0.3164609,merged
per_fold,2.0,1.0,28,3777.0,0.16935205,0.2413515,0.18107885,0.19422263,0.6495691,0.30285266,merged
per_fold,2.0,2.0,28,3777.0,0.03969735,0.094180174,0.0400097,0.088740766,0.920293,0.153133,merged
per_fold,2.0,3.0,28,3777.0,0.073501505,0.13869737,0.11525622,0.2107585,0.8112423,0.26932204,merged
per_fold,2.0,4.0,28,3777.0,0.27491316,0.23411036,0.12494258,0.14343461,0.60014427,0.23170704,merged
per_fold,3.0,0.0,28,3773.0,0.38694865,0.1942777,0.26311514,0.10725526,0.34993622,0.16758816,admission
per_fold,3.0,1.0,28,3773.0,0.09645258,0.12653837,0.26186097,0.18175285,0.64168644,0.25894713,merged
per_fold,3.0,2.0,28,3773.0,0.1118012,0.14511211,0.21427342,0.14683522,0.6739254,0.24980243,merged
per_fold,3.0,3.0,28,3773.0,0.17509788,0.22493045,0.20404114,0.18165427,0.620861,0.2709643,merged
per_fold,3.0,4.0,28,3773.0,0.09868408,0.1211759,0.35455158,0.19278069,0.5467644,0.21373966,merged
per_fold,1.0,0.0,29,2417.0,0.15840077,0.15280394,0.3731194,0.21859197,0.4684798,0.2925416,merged
per_fold,1.0,1.0,29,2417.0,0.15293346,0.1485642,0.22372526,0.18851066,0.62334126,0.27161062,merged
per_fold,1.0,2.0,29,2417.0,0.26076597,0.3322224,0.26878735,0.23536706,0.47044668,0.28272837,merged
per_fold,1.0,3.0,29,2417.0,0.19046466,0.1687572,0.37366915,0.26606598,0.43586618,0.33532485,merged
per_fold,1.0,4.0,29,2417.0,0.124602124,0.12504825,0.2682945,0.18204334,0.6071034,0.2687089,merged
per_fold,2.0,0.0,29,2399.0,0.3274516,0.3272713,0.2790364,0.2461969,0.39351204,0.29586515,merged
per_fold,2.0,1.0,29,2399.0,0.31766322,0.32728785,0.2530318,0.21986157,0.42930502,0.30519545,merged
per_fold,2.0,2.0,29,2399.0,0.07811692,0.12596396,0.07906014,0.11592672,0.84282297,0.1867125,merged
per_fold,2.0,3.0,29,2399.0,0.15752408,0.1843593,0.195559,0.23246926,0.6469169,0.2818135,merged
per_fold,2.0,4.0,29,2399.0,0.32956913,0.3255042,0.20492622,0.16159646,0.46550462,0.26782086,merged
per_fold,3.0,0.0,29,2495.0,0.42594913,0.27972475,0.24758002,0.13580923,0.32647085,0.1955261,admission
per_fold,3.0,1.0,29,2495.0,0.17429227,0.1726207,0.3370659,0.19919911,0.48864183,0.29697186,merged
per_fold,3.0,2.0,29,2495.0,0.19878536,0.18850271,0.24939038,0.15849124,0.5518243,0.30741853,merged
per_fold,3.0,3.0,29,2495.0,0.28686917,0.22510235,0.21412718,0.17894046,0.49900368,0.23194695,merged
per_fold,3.0,4.0,29,2495.0,0.18254492,0.12398366,0.37642577,0.20221405,0.4410293,0.20207182,merged
per_fold,1.0,0.0,30,1827.0,0.14970529,0.15615943,0.36688778,0.20295565,0.48340693,0.27188152,merged
per_fold,1.0,1.0,30,1827.0,0.14932509,0.14581083,0.24997634,0.19204305,0.6006986,0.26660573,merged
per_fold,1.0,2.0,30,1827.0,0.2289054,0.28510422,0.27988392,0.23330612,0.4912107,0.26222456,merged
per_fold,1.0,3.0,30,1827.0,0.17606787,0.16372982,0.3511038,0.27181244,0.47282833,0.32863617,merged
per_fold,1.0,4.0,30,1827.0,0.11935685,0.119770356,0.2561348,0.17237733,0.6245084,0.25164428,merged
per_fold,2.0,0.0,30,1802.0,0.29333022,0.3009264,0.3004853,0.24158823,0.40618446,0.2830727,merged
per_fold,2.0,1.0,30,1802.0,0.2733454,0.29942885,0.25723973,0.21827045,0.4694149,0.30356085,merged
per_fold,2.0,2.0,30,1802.0,0.066948965,0.12153332,0.07409642,0.11681607,0.8589546,0.18665044,merged
per_fold,2.0,3.0,30,1802.0,0.13565747,0.16529694,0.19724773,0.23745303,0.6670948,0.2863314,merged
per_fold,2.0,4.0,30,1802.0,0.3159217,0.29536536,0.22008012,0.16314912,0.4639982,0.24600464,merged
per_fold,3.0,0.0,30,1755.0,0.39929137,0.25396106,0.264889,0.12590861,0.33581963,0.18565011,admission
per_fold,3.0,1.0,30,1755.0,0.15176211,0.15531038,0.3514142,0.20897886,0.49682367,0.28375974,merged
per_fold,3.0,2.0,30,1755.0,0.17081971,0.1690262,0.2433704,0.16325192,0.5858099,0.29352534,merged
per_fold,3.0,3.0,30,1755.0,0.25670496,0.22542721,0.22834769,0.17756863,0.51494735,0.24314734,merged
per_fold,3.0,4.0,30,1755.0,0.15984789,0.12660187,0.3973583,0.21939921,0.44279382,0.21523489,merged
per_fold,1.0,0.0,31,13106.0,0.19778757,0.15056325,0.37379625,0.19691876,0.42841616,0.25142956,merged
per_fold,1.0,1.0,31,13106.0,0.1968591,0.14832202,0.28553244,0.20637947,0.51760846,0.27081192,merged
per_fold,1.0,2.0,31,13106.0,0.21202432,0.3070331,0.34521797,0.24813771,0.4427577,0.25618097,merged
per_fold,1.0,3.0,31,13106.0,0.18538605,0.16558376,0.460683,0.26594228,0.35393095,0.29978645,discharge
per_fold,1.0,4.0,31,13106.0,0.121398136,0.12001809,0.27935788,0.18477094,0.599244,0.25589135,merged
per_fold,2.0,0.0,31,13074.0,0.302662,0.2936915,0.3407181,0.2643747,0.35661992,0.27538365,merged
per_fold,2.0,1.0,31,13074.0,0.30802843,0.29228267,0.32557714,0.24175413,0.36639443,0.27644208,merged
per_fold,2.0,2.0,31,13074.0,0.091489926,0.13320002,0.11261843,0.12532789,0.79589164,0.20022744,merged
per_fold,2.0,3.0,31,13074.0,0.1715962,0.17048664,0.27779016,0.2623575,0.55061364,0.28608906,merged
per_fold,2.0,4.0,31,13074.0,0.2601877,0.30114743,0.24202621,0.16509037,0.49778607,0.2575377,merged
per_fold,3.0,0.0,31,12979.0,0.37683925,0.2692389,0.26589587,0.13322407,0.35726488,0.18718052,admission
per_fold,3.0,1.0,31,12979.0,0.17260693,0.17153542,0.3757933,0.2133571,0.45159975,0.28437236,merged
per_fold,3.0,2.0,31,12979.0,0.20123722,0.18238264,0.23965211,0.15144117,0.55911064,0.28959006,merged
per_fold,3.0,3.0,31,12979.0,0.3018188,0.22301142,0.22930425,0.17397615,0.46887696,0.23171246,merged
per_fold,3.0,4.0,31,12979.0,0.21383992,0.11948596,0.38766295,0.21090844,0.39849713,0.200836,merged
per_fold,1.0,0.0,32,9906.0,0.21009326,0.13797727,0.38895243,0.18854627,0.4009543,0.22806133,merged
per_fold,1.0,1.0,32,9906.0,0.2246124,0.14464349,0.3035499,0.19752395,0.47183773,0.25357,merged
per_fold,1.0,2.0,32,9906.0,0.22315098,0.30323496,0.36724642,0.23681329,0.40960258,0.2351646,merged
per_fold,1.0,3.0,32,9906.0,0.213861,0.16458455,0.46671504,0.23663512,0.31942394,0.2646246,discharge
per_fold,1.0,4.0,32,9906.0,0.13624346,0.116824836,0.30152625,0.18022054,0.5622303,0.24535507,merged
per_fold,2.0,0.0,32,10009.0,0.3110639,0.29170394,0.36438784,0.25081784,0.32454827,0.24009863,discharge
per_fold,2.0,1.0,32,10009.0,0.3173666,0.28900933,0.3492245,0.22972262,0.3334089,0.24058542,discharge
per_fold,2.0,2.0,32,10009.0,0.080111176,0.122258045,0.12362059,0.12772354,0.7962682,0.18653113,merged
per_fold,2.0,3.0,32,10009.0,0.17964275,0.16429077,0.30444747,0.24524483,0.5159098,0.25761887,merged
per_fold,2.0,4.0,32,10009.0,0.26796305,0.2992405,0.2867007,0.16047001,0.44533625,0.23459798,merged
per_fold,3.0,0.0,32,9825.0,0.3754921,0.27148676,0.2697287,0.13456033,0.35477918,0.1884187,admission
per_fold,3.0,1.0,32,9825.0,0.18451326,0.16701666,0.3875938,0.20346524,0.42789295,0.2711726,merged
per_fold,3.0,2.0,32,9825.0,0.20645592,0.17595804,0.24580297,0.14309324,0.54774106,0.28446317,merged
per_fold,3.0,3.0,32,9825.0,0.3168164,0.21748169,0.24787669,0.17088786,0.43530694,0.21107425,merged
per_fold,3.0,4.0,32,9825.0,0.22536711,0.107997306,0.390617,0.20579666,0.38401592,0.18333726,discharge
per_fold,1.0,0.0,33,16403.0,0.21061951,0.1414343,0.4057007,0.19663489,0.38367975,0.2170468,discharge
per_fold,1.0,1.0,33,16403.0,0.2383355,0.1426112,0.32407236,0.18840738,0.43759215,0.23755848,merged
per_fold,1.0,2.0,33,16403.0,0.24059072,0.27921405,0.39844754,0.2298317,0.36096174,0.22112937,discharge
per_fold,1.0,3.0,33,16403.0,0.2522551,0.1730798,0.43303236,0.2167959,0.31471252,0.24581273,discharge
per_fold,1.0,4.0,33,16403.0,0.15070331,0.11360576,0.32049757,0.17359395,0.5287992,0.23370177,merged
per_fold,2.0,0.0,33,16381.0,0.29700333,0.2777284,0.38926828,0.24402732,0.31372842,0.22200398,discharge
per_fold,2.0,1.0,33,16381.0,0.2923077,0.2722141,0.3596471,0.21304326,0.3480452,0.22843093,discharge
per_fold,2.0,2.0,33,16381.0,0.057568308,0.101288356,0.11798066,0.124551214,0.824451,0.17056084,merged
per_fold,2.0,3.0,33,16381.0,0.16214368,0.15470421,0.32221588,0.23349597,0.51564044,0.24722396,merged
per_fold,2.0,4.0,33,16381.0,0.27883825,0.27320087,0.33842242,0.17256583,0.38273934,0.21423768,merged
per_fold,3.0,0.0,33,16374.0,0.362032,0.2590985,0.2853364,0.13793385,0.35263163,0.20081693,admission
per_fold,3.0,1.0,33,16374.0,0.19065894,0.16141868,0.3925318,0.20204633,0.41680923,0.25734225,merged
per_fold,3.0,2.0,33,16374.0,0.20379463,0.17309928,0.24866956,0.141101,0.54753584,0.27480298,merged
per_fold,3.0,3.0,33,16374.0,0.30757022,0.20577037,0.29145557,0.17254934,0.4009742,0.19118431,merged
per_fold,3.0,4.0,33,16374.0,0.21287253,0.11817625,0.40780982,0.21041666,0.37931764,0.18312566,discharge
per_fold,1.0,0.0,34,13696.0,0.2250628,0.13578552,0.46500394,0.20580484,0.30993325,0.2078939,discharge
per_fold,1.0,1.0,34,13696.0,0.23756026,0.1497462,0.40615663,0.24452442,0.35628313,0.2438193,discharge
per_fold,1.0,2.0,34,13696.0,0.23644489,0.25676998,0.4815049,0.2537337,0.28205022,0.20900868,discharge
per_fold,1.0,3.0,34,13696.0,0.26861534,0.18054515,0.4739333,0.23854032,0.25745136,0.23037322,discharge
per_fold,1.0,4.0,34,13696.0,0.14947213,0.11014235,0.33705944,0.17208678,0.5134684,0.22631225,merged
per_fold,2.0,0.0,34,13725.0,0.26243913,0.25595462,0.48618597,0.27193573,0.25137493,0.20713544,discharge
per_fold,2.0,1.0,34,13725.0,0.26459092,0.24836156,0.42645752,0.25112507,0.3089516,0.22437148,discharge
per_fold,2.0,2.0,34,13725.0,0.039846025,0.08152536,0.11588374,0.120810084,0.8442703,0.15501286,merged
per_fold,2.0,3.0,34,13725.0,0.15095878,0.14939205,0.4045867,0.2682283,0.4444545,0.25885603,merged
per_fold,2.0,4.0,34,13725.0,0.26254028,0.2505771,0.4180256,0.1956589,0.31943414,0.19076836,discharge
per_fold,3.0,0.0,34,13554.0,0.33447036,0.2540461,0.29451793,0.14198533,0.37101167,0.2368854,merged
per_fold,3.0,1.0,34,13554.0,0.182135,0.153491,0.46360716,0.2492904,0.35425785,0.25458053,discharge
per_fold,3.0,2.0,34,13554.0,0.18924473,0.16506544,0.25768596,0.13343112,0.55306935,0.2559904,merged
per_fold,3.0,3.0,34,13554.0,0.30024675,0.20558809,0.36824635,0.2172633,0.33150694,0.19179866,discharge
per_fold,3.0,4.0,34,13554.0,0.17959888,0.11946509,0.4902264,0.2524706,0.33017474,0.20219089,discharge
per_fold,1.0,0.0,35,13206.0,0.22282617,0.13417561,0.47906786,0.20113361,0.29810598,0.18535629,discharge
per_fold,1.0,1.0,35,13206.0,0.2694744,0.14224508,0.36988425,0.18438503,0.36064136,0.2125871,discharge
per_fold,1.0,2.0,35,13206.0,0.28303164,0.25263152,0.48618096,0.22541587,0.23078735,0.18917497,discharge
per_fold,1.0,3.0,35,13206.0,0.30536288,0.17531244,0.43169272,0.19276588,0.2629444,0.21542175,discharge
per_fold,1.0,4.0,35,13206.0,0.17389226,0.11196678,0.37973276,0.17854579,0.44637498,0.22383064,merged
per_fold,2.0,0.0,35,13213.0,0.2819844,0.25795758,0.46687248,0.23963131,0.25114313,0.19077438,discharge
per_fold,2.0,1.0,35,13213.0,0.296993,0.24551378,0.37625983,0.19519514,0.32674718,0.20187001,discharge
per_fold,2.0,2.0,35,13213.0,0.04242281,0.08188488,0.13375513,0.12456039,0.8238221,0.15494822,merged
per_fold,2.0,3.0,35,13213.0,0.16870719,0.14968279,0.36518213,0.20351887,0.4661107,0.21012323,merged
per_fold,2.0,4.0,35,13213.0,0.2999322,0.2452368,0.40786764,0.18051247,0.29220012,0.19225946,discharge
per_fold,3.0,0.0,35,13231.0,0.36639473,0.23388144,0.32393593,0.14200483,0.30966938,0.19281715,admission
per_fold,3.0,1.0,35,13231.0,0.21059503,0.1476977,0.42726067,0.18816037,0.3621443,0.22568105,discharge
per_fold,3.0,2.0,35,13231.0,0.22145198,0.16542943,0.27277544,0.13226774,0.50577253,0.252045,merged
per_fold,3.0,3.0,35,13231.0,0.31863546,0.19500464,0.355293,0.17290391,0.32607153,0.15761179,discharge
per_fold,3.0,4.0,35,13231.0,0.1959815,0.11262098,0.46305573,0.2052632,0.34096277,0.16421425,discharge
per_fold,1.0,0.0,36,16308.0,0.22739227,0.13136925,0.5611281,0.21200028,0.21147963,0.16798629,discharge
per_fold,1.0,1.0,36,16308.0,0.28995943,0.15068595,0.4029001,0.19572008,0.3071405,0.20600973,discharge
per_fold,1.0,2.0,36,16308.0,0.31390506,0.23609076,0.56165993,0.2298222,0.12443505,0.1444804,discharge
per_fold,1.0,3.0,36,16308.0,0.37498364,0.18487479,0.4259272,0.1866104,0.19908917,0.19023593,discharge
per_fold,1.0,4.0,36,16308.0,0.18584017,0.114863016,0.4407737,0.19373134,0.37338614,0.22398023,discharge
per_fold,2.0,0.0,36,16099.0,0.26541966,0.24397346,0.5449899,0.24644715,0.18959048,0.17166737,discharge
per_fold,2.0,1.0,36,16099.0,0.3037141,0.2210942,0.40315205,0.20160404,0.29313385,0.19393414,discharge
per_fold,2.0,2.0,36,16099.0,0.034698173,0.06893179,0.14558892,0.12644905,0.81971294,0.15133473,merged
per_fold,2.0,3.0,36,16099.0,0.1769745,0.1577014,0.38910222,0.2042546,0.43392324,0.21689592,merged
per_fold,2.0,4.0,36,16099.0,0.30565637,0.22792749,0.47201017,0.19286928,0.22233349,0.17601597,discharge
per_fold,3.0,0.0,36,16199.0,0.37881485,0.22606495,0.353705,0.15214784,0.26748016,0.20698513,admission
per_fold,3.0,1.0,36,16199.0,0.22254683,0.1425838,0.48044124,0.20406081,0.29701194,0.21203372,discharge
per_fold,3.0,2.0,36,16199.0,0.24271084,0.1687471,0.29454708,0.13777912,0.4627421,0.25550693,merged
per_fold,3.0,3.0,36,16199.0,0.34346336,0.20253615,0.40752083,0.18773924,0.24901576,0.1424218,discharge
per_fold,3.0,4.0,36,16199.0,0.1658274,0.11139346,0.5477034,0.22200486,0.28646922,0.16970463,discharge
per_fold,1.0,0.0,37,12596.0,0.24007465,0.13155983,0.628129,0.20587276,0.13179636,0.14547373,discharge
per_fold,1.0,1.0,37,12596.0,0.31150362,0.16485807,0.4347737,0.21786688,0.25372267,0.18842559,discharge
per_fold,1.0,2.0,37,12596.0,0.29338434,0.215916,0.65886176,0.21788159,0.04775394,0.084486485,discharge
per_fold,1.0,3.0,37,12596.0,0.4225051,0.19334568,0.45822793,0.20474404,0.11926696,0.1459995,discharge
per_fold,1.0,4.0,37,12596.0,0.15432708,0.1216251,0.5149937,0.23117931,0.3306792,0.24442859,discharge
per_fold,2.0,0.0,37,12572.0,0.27261052,0.23551556,0.6032995,0.24523355,0.12408996,0.14250684,discharge
per_fold,2.0,1.0,37,12572.0,0.32940608,0.21484455,0.452162,0.22733949,0.21843189,0.18239352,discharge
per_fold,2.0,2.0,37,12572.0,0.03651197,0.070217736,0.16582754,0.12772866,0.79766047,0.15786043,merged
per_fold,2.0,3.0,37,12572.0,0.20459242,0.16427232,0.44782248,0.23438121,0.34758505,0.22429028,discharge
per_fold,2.0,4.0,37,12572.0,0.2996185,0.22513278,0.5425532,0.2106133,0.15782829,0.15858111,discharge
per_fold,3.0,0.0,37,12752.0,0.35881495,0.22530262,0.35754505,0.15200941,0.28363997,0.2348481,admission
per_fold,3.0,1.0,37,12752.0,0.24402644,0.15481539,0.5586915,0.21948203,0.19728208,0.18097602,discharge
per_fold,3.0,2.0,37,12752.0,0.2570562,0.17468567,0.3209972,0.13980821,0.42194656,0.2514545,merged
per_fold,3.0,3.0,37,12752.0,0.35194603,0.1887046,0.4648384,0.19317701,0.18321559,0.12791233,discharge
per_fold,3.0,4.0,37,12752.0,0.15108071,0.11263442,0.64181554,0.2243955,0.20710371,0.1649792,discharge
pooled_all_samples,,,1,510015.0,0.2939475,0.31987688,0.18503709,0.23084421,0.52101547,0.35620695,merged
pooled_all_samples,,,2,130340.0,0.18042028,0.23585378,0.16230963,0.20731637,0.65727013,0.31243604,merged
pooled_all_samples,,,3,110765.0,0.18162356,0.23063955,0.17631416,0.20666748,0.6420623,0.30901697,merged
pooled_all_samples,,,4,100805.0,0.16511808,0.20978853,0.17731003,0.19862822,0.65757185,0.29283533,merged
pooled_all_samples,,,5,101650.0,0.16378812,0.20867202,0.1799685,0.19595733,0.6562434,0.28783754,merged
pooled_all_samples,,,6,71555.0,0.17570867,0.21897839,0.19859539,0.20826958,0.62569594,0.29806462,merged
pooled_all_samples,,,7,66985.0,0.18179715,0.22996792,0.21891108,0.22227235,0.59929174,0.31160852,merged
pooled_all_samples,,,8,50420.0,0.20461163,0.2379884,0.24714355,0.23594503,0.54824483,0.3147297,merged
pooled_all_samples,,,9,33655.0,0.19948891,0.23988636,0.24449521,0.2389929,0.5560159,0.3199672,merged
pooled_all_samples,,,10,27185.0,0.19153997,0.23489404,0.24175572,0.23685619,0.5667043,0.31834808,merged
pooled_all_samples,,,11,23325.0,0.19127358,0.23351267,0.24272686,0.23730083,0.56599957,0.31809264,merged
pooled_all_samples,,,12,20055.0,0.1961342,0.24220553,0.24165854,0.23764463,0.5622073,0.3206419,merged
pooled_all_samples,,,13,26250.0,0.17861977,0.22786902,0.22255406,0.22370434,0.59882617,0.31465107,merged
pooled_all_samples,,,14,33070.0,0.17521363,0.2241747,0.21868129,0.21913265,0.6061051,0.3095068,merged
pooled_all_samples,,,15,30100.0,0.22067718,0.2438707,0.25941497,0.23164213,0.51990783,0.31048083,merged
pooled_all_samples,,,16,20340.0,0.212956,0.24198347,0.27200213,0.24471058,0.5150419,0.3168153,merged
pooled_all_samples,,,17,17875.0,0.19878475,0.23298794,0.26198742,0.24093091,0.53922784,0.31487548,merged
pooled_all_samples,,,18,17395.0,0.2035343,0.2404068,0.25213987,0.23659565,0.5443258,0.31589234,merged
pooled_all_samples,,,19,17280.0,0.20216751,0.2390375,0.24971415,0.23503931,0.54811835,0.3161524,merged
pooled_all_samples,,,20,20330.0,0.18235739,0.22034496,0.2422896,0.2272225,0.575353,0.30710545,merged
pooled_all_samples,,,21,32965.0,0.15954971,0.20390545,0.29501516,0.2795049,0.54543513,0.32598785,merged
pooled_all_samples,,,22,26410.0,0.21593112,0.2359657,0.2662206,0.22697817,0.5178483,0.30179352,merged
pooled_all_samples,,,23,20205.0,0.20818046,0.238712,0.2625147,0.22716388,0.5293048,0.306624,merged
pooled_all_samples,,,24,17535.0,0.19527946,0.22645201,0.2562286,0.22318329,0.54849195,0.30234775,merged
pooled_all_samples,,,25,17655.0,0.19092146,0.22331207,0.25071293,0.21610588,0.55836564,0.29831535,merged
pooled_all_samples,,,26,18175.0,0.1933311,0.23338275,0.24376082,0.21749286,0.5629081,0.30366963,merged
pooled_all_samples,,,27,28740.0,0.15959,0.20124179,0.22737476,0.20279364,0.61303526,0.28761455,merged
pooled_all_samples,,,28,56220.0,0.14292659,0.19504647,0.20812924,0.1977642,0.64894414,0.28259858,merged
pooled_all_samples,,,29,36555.0,0.22466454,0.24556766,0.2633038,0.2142539,0.5120317,0.2972962,merged
pooled_all_samples,,,30,26920.0,0.20273976,0.22670414,0.2691379,0.21522917,0.52812237,0.29019335,merged
pooled_all_samples,,,31,195795.0,0.22080772,0.22658087,0.30282032,0.22326921,0.47637194,0.2816381,merged
pooled_all_samples,,,32,148700.0,0.23143363,0.22313915,0.31977904,0.21352972,0.44878736,0.26511356,merged
pooled_all_samples,,,33,245790.0,0.23047735,0.21275875,0.33569226,0.20862712,0.4338304,0.25764716,merged
pooled_all_samples,,,34,204875.0,0.21880233,0.20278695,0.3926511,0.24217011,0.38854656,0.26626992,discharge
pooled_all_samples,,,35,198250.0,0.24385297,0.20090027,0.3825731,0.20683013,0.37357393,0.24513063,discharge
pooled_all_samples,,,36,243030.0,0.25559047,0.20040798,0.42893255,0.22321746,0.315477,0.24950932,discharge
pooled_all_samples,,,37,189600.0,0.2618959,0.2020363,0.4833352,0.24330236,0.25476894,0.2509838,discharge
