id,predictor_run_name,predictor_run_dir,prediction_path,direction,heads_mode,los_mode,detach,lambda_joint,lambda_los,lambda_entropy,seed,fold,split,n_los_bins,resolved_los_bins,head,n_rows,num_classes,unique_true_classes,unique_pred_classes,coverage_ratio,acc,V_oracle,V_mid,V_full,dV_LOS,dV_D,abs_dV_D,dV_total,js_LOS,js_D,js_total,support_min,support_max,downstream_valid_auc,downstream_test_auc,downstream_test_acc,downstream_test_f1,downstream_test_precision,downstream_test_recall,downstream_test_loss,downstream_best_epoch,downstream_fold,downstream_status
9,20260516-125415__joint_consistent_predictor__bs=1024__lr=1.00e-03__seed=1,/Users/jeong-yunseong/Documents/programming/Phase_2_public/runs/20260516-125415__joint_consistent_predictor__bs=1024__lr=1.00e-03__seed=1,/Users/jeong-yunseong/Documents/programming/Phase_2_public/runs/20260516-125415__joint_consistent_predictor__bs=1024__lr=1.00e-03__seed=1/test_predictions.csv,D_TO_LOS,all,coarse,F,0.0,1.0,0.3,1,0,test,6,coarse6,SERVICES_D,209121,8,8,8,1.0,0.9832345866747003,0.329919284977539,0.4913000867557378,0.4974588546685877,0.1613808017781988,0.006158767912849916,0.006158767912849916,0.16753956969104872,0.06398474645568061,0.0007635100137718124,0.07725753579559351,757.0,116501.0,0.8854453665701589,0.8866914793046519,0.7989681468290442,0.7655460319985931,0.7942293156326293,0.738862306423976,0.4105903873122848,29.0,0,fold0_only
9,20260516-125415__joint_consistent_predictor__bs=1024__lr=1.00e-03__seed=1,/Users/jeong-yunseong/Documents/programming/Phase_2_public/runs/20260516-125415__joint_consistent_predictor__bs=1024__lr=1.00e-03__seed=1,/Users/jeong-yunseong/Documents/programming/Phase_2_public/runs/20260516-125415__joint_consistent_predictor__bs=1024__lr=1.00e-03__seed=1/test_predictions.csv,D_TO_LOS,all,coarse,F,0.0,1.0,0.3,1,0,test,6,coarse6,EMPLOY_D,209121,6,6,5,1.0,0.7866928715910884,0.0983365085821176,0.11279664010271848,0.1439645895638874,0.014460131520600883,0.031167949461168937,0.031167949461168937,0.04562808098176982,0.007403169174080909,0.002648268635175376,0.0131596200738658,757.0,116501.0,0.8854453665701589,0.8866914793046519,0.7989681468290442,0.7655460319985931,0.7942293156326293,0.738862306423976,0.4105903873122848,29.0,0,fold0_only
9,20260516-125415__joint_consistent_predictor__bs=1024__lr=1.00e-03__seed=1,/Users/jeong-yunseong/Documents/programming/Phase_2_public/runs/20260516-125415__joint_consistent_predictor__bs=1024__lr=1.00e-03__seed=1,/Users/jeong-yunseong/Documents/programming/Phase_2_public/runs/20260516-125415__joint_consistent_predictor__bs=1024__lr=1.00e-03__seed=1/test_predictions.csv,D_TO_LOS,all,coarse,F,0.0,1.0,0.3,1,0,test,6,coarse6,LIVARAG_D,209121,5,5,4,1.0,0.8508566810602474,0.10973344324103859,0.17265531282386615,0.2025034869741105,0.06292186958282756,0.02984817415024435,0.02984817415024435,0.0927700437330719,0.013484654942792072,0.0009128624277575506,0.016787155531888018,757.0,116501.0,0.8854453665701589,0.8866914793046519,0.7989681468290442,0.7655460319985931,0.7942293156326293,0.738862306423976,0.4105903873122848,29.0,0,fold0_only
9,20260516-125415__joint_consistent_predictor__bs=1024__lr=1.00e-03__seed=1,/Users/jeong-yunseong/Documents/programming/Phase_2_public/runs/20260516-125415__joint_consistent_predictor__bs=1024__lr=1.00e-03__seed=1,/Users/jeong-yunseong/Documents/programming/Phase_2_public/runs/20260516-125415__joint_consistent_predictor__bs=1024__lr=1.00e-03__seed=1/test_predictions.csv,D_TO_LOS,all,coarse,F,0.0,1.0,0.3,1,0,test,6,coarse6,ARRESTS_D,209121,5,5,4,1.0,0.875890034955839,0.04477954347239896,0.07603225456852106,0.09508701012132498,0.0312527110961221,0.01905475555280392,0.01905475555280392,0.05030746664892602,0.008429348404188419,0.005241732138781308,0.01790196668246394,757.0,116501.0,0.8854453665701589,0.8866914793046519,0.7989681468290442,0.7655460319985931,0.7942293156326293,0.738862306423976,0.4105903873122848,29.0,0,fold0_only
9,20260516-125415__joint_consistent_predictor__bs=1024__lr=1.00e-03__seed=1,/Users/jeong-yunseong/Documents/programming/Phase_2_public/runs/20260516-125415__joint_consistent_predictor__bs=1024__lr=1.00e-03__seed=1,/Users/jeong-yunseong/Documents/programming/Phase_2_public/runs/20260516-125415__joint_consistent_predictor__bs=1024__lr=1.00e-03__seed=1/test_predictions.csv,D_TO_LOS,all,coarse,F,0.0,1.0,0.3,1,0,test,6,coarse6,DETNLF_D,209121,6,6,6,1.0,0.8934635928481597,0.05406939209231595,0.09053458758022945,0.11253964778529223,0.0364651954879135,0.02200506020506278,0.02200506020506278,0.05847025569297628,0.004246944569867273,0.004296188706297422,0.007963397796640967,757.0,116501.0,0.8854453665701589,0.8866914793046519,0.7989681468290442,0.7655460319985931,0.7942293156326293,0.738862306423976,0.4105903873122848,29.0,0,fold0_only
9,20260516-125415__joint_consistent_predictor__bs=1024__lr=1.00e-03__seed=1,/Users/jeong-yunseong/Documents/programming/Phase_2_public/runs/20260516-125415__joint_consistent_predictor__bs=1024__lr=1.00e-03__seed=1,/Users/jeong-yunseong/Documents/programming/Phase_2_public/runs/20260516-125415__joint_consistent_predictor__bs=1024__lr=1.00e-03__seed=1/test_predictions.csv,D_TO_LOS,all,coarse,F,0.0,1.0,0.3,1,0,test,6,coarse6,SUB1_D,209121,20,20,20,1.0,0.8833259213565352,0.10262428840474314,0.15625697429485058,0.19245397667121192,0.053632685890107445,0.03619700237636134,0.03619700237636134,0.08982968826646878,0.017447393050494118,0.004007341125273775,0.02317422885664057,757.0,116501.0,0.8854453665701589,0.8866914793046519,0.7989681468290442,0.7655460319985931,0.7942293156326293,0.738862306423976,0.4105903873122848,29.0,0,fold0_only
9,20260516-125415__joint_consistent_predictor__bs=1024__lr=1.00e-03__seed=1,/Users/jeong-yunseong/Documents/programming/Phase_2_public/runs/20260516-125415__joint_consistent_predictor__bs=1024__lr=1.00e-03__seed=1,/Users/jeong-yunseong/Documents/programming/Phase_2_public/runs/20260516-125415__joint_consistent_predictor__bs=1024__lr=1.00e-03__seed=1/test_predictions.csv,D_TO_LOS,all,coarse,F,0.0,1.0,0.3,1,0,test,6,coarse6,SUB2_D,209121,20,20,20,1.0,0.9053323195661842,0.06162133375161781,0.11499917572087613,0.1239500782193676,0.05337784196925832,0.008950902498491467,0.008950902498491467,0.06232874446774979,0.015478644182570002,0.0011161175153552732,0.017856736194285072,757.0,116501.0,0.8854453665701589,0.8866914793046519,0.7989681468290442,0.7655460319985931,0.7942293156326293,0.738862306423976,0.4105903873122848,29.0,0,fold0_only
9,20260516-125415__joint_consistent_predictor__bs=1024__lr=1.00e-03__seed=1,/Users/jeong-yunseong/Documents/programming/Phase_2_public/runs/20260516-125415__joint_consistent_predictor__bs=1024__lr=1.00e-03__seed=1,/Users/jeong-yunseong/Documents/programming/Phase_2_public/runs/20260516-125415__joint_consistent_predictor__bs=1024__lr=1.00e-03__seed=1/test_predictions.csv,D_TO_LOS,all,coarse,F,0.0,1.0,0.3,1,0,test,6,coarse6,SUB3_D,209121,20,20,20,1.0,0.9598414315157253,0.06588710047055456,0.11131901981904638,0.11201363577073518,0.04543191934849182,0.0006946159516888067,0.0006946159516888067,0.04612653530018063,0.00820806234488499,0.0004200517580734556,0.00857097052507992,757.0,116501.0,0.8854453665701589,0.8866914793046519,0.7989681468290442,0.7655460319985931,0.7942293156326293,0.738862306423976,0.4105903873122848,29.0,0,fold0_only
9,20260516-125415__joint_consistent_predictor__bs=1024__lr=1.00e-03__seed=1,/Users/jeong-yunseong/Documents/programming/Phase_2_public/runs/20260516-125415__joint_consistent_predictor__bs=1024__lr=1.00e-03__seed=1,/Users/jeong-yunseong/Documents/programming/Phase_2_public/runs/20260516-125415__joint_consistent_predictor__bs=1024__lr=1.00e-03__seed=1/test_predictions.csv,D_TO_LOS,all,coarse,F,0.0,1.0,0.3,1,0,test,6,coarse6,FREQ1_D,209121,4,4,4,1.0,0.8068008473563153,0.17299642901499207,0.1991393169281012,0.21817766369563307,0.02614288791310912,0.019038346767531883,0.019038346767531883,0.045181234680641,0.010806432036871696,0.005972561075946605,0.017204326638585194,757.0,116501.0,0.8854453665701589,0.8866914793046519,0.7989681468290442,0.7655460319985931,0.7942293156326293,0.738862306423976,0.4105903873122848,29.0,0,fold0_only
9,20260516-125415__joint_consistent_predictor__bs=1024__lr=1.00e-03__seed=1,/Users/jeong-yunseong/Documents/programming/Phase_2_public/runs/20260516-125415__joint_consistent_predictor__bs=1024__lr=1.00e-03__seed=1,/Users/jeong-yunseong/Documents/programming/Phase_2_public/runs/20260516-125415__joint_consistent_predictor__bs=1024__lr=1.00e-03__seed=1/test_predictions.csv,D_TO_LOS,all,coarse,F,0.0,1.0,0.3,1,0,test,6,coarse6,FREQ2_D,209121,4,4,4,1.0,0.9520229914738357,0.04882262659245347,0.07991346791482604,0.08750708951299868,0.031090841322372567,0.007593621598172645,0.007593621598172645,0.03868446292054521,0.0033815830319728255,0.0003802652193628889,0.003953479803458802,757.0,116501.0,0.8854453665701589,0.8866914793046519,0.7989681468290442,0.7655460319985931,0.7942293156326293,0.738862306423976,0.4105903873122848,29.0,0,fold0_only
9,20260516-125415__joint_consistent_predictor__bs=1024__lr=1.00e-03__seed=1,/Users/jeong-yunseong/Documents/programming/Phase_2_public/runs/20260516-125415__joint_consistent_predictor__bs=1024__lr=1.00e-03__seed=1,/Users/jeong-yunseong/Documents/programming/Phase_2_public/runs/20260516-125415__joint_consistent_predictor__bs=1024__lr=1.00e-03__seed=1/test_predictions.csv,D_TO_LOS,all,coarse,F,0.0,1.0,0.3,1,0,test,6,coarse6,FREQ3_D,209121,4,4,4,1.0,0.9556237776215684,0.057713737340296604,0.06776871328809622,0.07667698754700468,0.010054975947799617,0.008908274258908458,0.008908274258908458,0.018963250206708075,0.0028466236140106444,0.0007220845160909906,0.0040708358170143,757.0,116501.0,0.8854453665701589,0.8866914793046519,0.7989681468290442,0.7655460319985931,0.7942293156326293,0.738862306423976,0.4105903873122848,29.0,0,fold0_only
9,20260516-125415__joint_consistent_predictor__bs=1024__lr=1.00e-03__seed=1,/Users/jeong-yunseong/Documents/programming/Phase_2_public/runs/20260516-125415__joint_consistent_predictor__bs=1024__lr=1.00e-03__seed=1,/Users/jeong-yunseong/Documents/programming/Phase_2_public/runs/20260516-125415__joint_consistent_predictor__bs=1024__lr=1.00e-03__seed=1/test_predictions.csv,D_TO_LOS,all,coarse,F,0.0,1.0,0.3,1,0,test,6,coarse6,FREQ_ATND_SELF_HELP_D,209121,6,6,6,1.0,0.7582165349247565,0.10441569247866507,0.14803526974217254,0.2059408360972861,0.04361957726350747,0.05790556635511357,0.05790556635511357,0.10152514361862104,0.013413905984163336,0.017758269538979143,0.038334521010780984,757.0,116501.0,0.8854453665701589,0.8866914793046519,0.7989681468290442,0.7655460319985931,0.7942293156326293,0.738862306423976,0.4105903873122848,29.0,0,fold0_only
22,20260517-084644__joint_consistent_predictor__bs=1024__lr=1.00e-03__seed=1,/Users/jeong-yunseong/Documents/programming/Phase_2_public/runs/20260517-084644__joint_consistent_predictor__bs=1024__lr=1.00e-03__seed=1,/Users/jeong-yunseong/Documents/programming/Phase_2_public/runs/20260517-084644__joint_consistent_predictor__bs=1024__lr=1.00e-03__seed=1/test_predictions.csv,LOS_TO_D,partial,coarse,F,0.3,1.0,0.3,1,0,test,6,coarse6,SERVICES_D,209121,8,8,8,1.0,0.9838466725006096,0.3299268883853193,0.48652548608363066,0.4940051474192874,0.15659859769831136,0.007479661335656751,0.007479661335656751,0.1640782590339681,0.06402837416944791,0.0006549058383812632,0.07482292722031574,1282.0,117103.0,0.8845166582443578,0.8866689350205103,0.7992876838235294,0.7666583187244345,0.7926909266675873,0.7422812065565291,0.4100164365715076,40.0,0,fold0_only
22,20260517-084644__joint_consistent_predictor__bs=1024__lr=1.00e-03__seed=1,/Users/jeong-yunseong/Documents/programming/Phase_2_public/runs/20260517-084644__joint_consistent_predictor__bs=1024__lr=1.00e-03__seed=1,/Users/jeong-yunseong/Documents/programming/Phase_2_public/runs/20260517-084644__joint_consistent_predictor__bs=1024__lr=1.00e-03__seed=1/test_predictions.csv,LOS_TO_D,partial,coarse,F,0.3,1.0,0.3,1,0,test,6,coarse6,EMPLOY_D,209121,5,5,5,1.0,0.7870419517886774,0.10994064929597652,0.12089719568850436,0.12764864340925489,0.010956546392527841,0.0067514477207505225,0.0067514477207505225,0.017707994113278364,0.006454720817837053,0.00252960145720822,0.012421379200676305,1282.0,117103.0,0.8845166582443578,0.8866689350205103,0.7992876838235294,0.7666583187244345,0.7926909266675873,0.7422812065565291,0.4100164365715076,40.0,0,fold0_only
22,20260517-084644__joint_consistent_predictor__bs=1024__lr=1.00e-03__seed=1,/Users/jeong-yunseong/Documents/programming/Phase_2_public/runs/20260517-084644__joint_consistent_predictor__bs=1024__lr=1.00e-03__seed=1,/Users/jeong-yunseong/Documents/programming/Phase_2_public/runs/20260517-084644__joint_consistent_predictor__bs=1024__lr=1.00e-03__seed=1/test_predictions.csv,LOS_TO_D,partial,coarse,F,0.3,1.0,0.3,1,0,test,6,coarse6,LIVARAG_D,209121,4,4,4,1.0,0.8521860549633944,0.12670364338700812,0.18978523358809388,0.19441892337399963,0.06308159020108575,0.0046336897859057535,0.0046336897859057535,0.0677152799869915,0.013807493367637855,0.0008116196908051931,0.016847042976519674,1282.0,117103.0,0.8845166582443578,0.8866689350205103,0.7992876838235294,0.7666583187244345,0.7926909266675873,0.7422812065565291,0.4100164365715076,40.0,0,fold0_only
22,20260517-084644__joint_consistent_predictor__bs=1024__lr=1.00e-03__seed=1,/Users/jeong-yunseong/Documents/programming/Phase_2_public/runs/20260517-084644__joint_consistent_predictor__bs=1024__lr=1.00e-03__seed=1,/Users/jeong-yunseong/Documents/programming/Phase_2_public/runs/20260517-084644__joint_consistent_predictor__bs=1024__lr=1.00e-03__seed=1/test_predictions.csv,LOS_TO_D,partial,coarse,F,0.3,1.0,0.3,1,0,test,6,coarse6,ARRESTS_D,209121,4,4,4,1.0,0.876234333232913,0.05168785777960615,0.07967678284994446,0.07593322116277028,0.027988925070338316,-0.003743561687174185,0.003743561687174185,0.02424536338316413,0.005761905279317613,0.005397600248327237,0.012520910735519494,1282.0,117103.0,0.8845166582443578,0.8866689350205103,0.7992876838235294,0.7666583187244345,0.7926909266675873,0.7422812065565291,0.4100164365715076,40.0,0,fold0_only
22,20260517-084644__joint_consistent_predictor__bs=1024__lr=1.00e-03__seed=1,/Users/jeong-yunseong/Documents/programming/Phase_2_public/runs/20260517-084644__joint_consistent_predictor__bs=1024__lr=1.00e-03__seed=1,/Users/jeong-yunseong/Documents/programming/Phase_2_public/runs/20260517-084644__joint_consistent_predictor__bs=1024__lr=1.00e-03__seed=1/test_predictions.csv,LOS_TO_D,partial,coarse,F,0.3,1.0,0.3,1,0,test,6,coarse6,DETNLF_D,209121,6,6,6,1.0,0.8936931250328757,0.05406939209231595,0.08880874465995833,0.10782547328711961,0.034739352567642386,0.019016728627161278,0.019016728627161278,0.053756081194803663,0.0037222533714122994,0.002489163158804311,0.006423949520486586,1282.0,117103.0,0.8845166582443578,0.8866689350205103,0.7992876838235294,0.7666583187244345,0.7926909266675873,0.7422812065565291,0.4100164365715076,40.0,0,fold0_only
22,20260517-084644__joint_consistent_predictor__bs=1024__lr=1.00e-03__seed=1,/Users/jeong-yunseong/Documents/programming/Phase_2_public/runs/20260517-084644__joint_consistent_predictor__bs=1024__lr=1.00e-03__seed=1,/Users/jeong-yunseong/Documents/programming/Phase_2_public/runs/20260517-084644__joint_consistent_predictor__bs=1024__lr=1.00e-03__seed=1/test_predictions.csv,LOS_TO_D,partial,coarse,F,0.3,1.0,0.3,1,0,test,6,coarse6,SUB1_D,209121,20,20,20,1.0,0.8844592365185706,0.10262428840474314,0.15349344393635347,0.18768137207596033,0.05086915553161034,0.03418792813960686,0.03418792813960686,0.0850570836712172,0.018437632875339227,0.004030624486568957,0.02404547002456527,1282.0,117103.0,0.8845166582443578,0.8866689350205103,0.7992876838235294,0.7666583187244345,0.7926909266675873,0.7422812065565291,0.4100164365715076,40.0,0,fold0_only
22,20260517-084644__joint_consistent_predictor__bs=1024__lr=1.00e-03__seed=1,/Users/jeong-yunseong/Documents/programming/Phase_2_public/runs/20260517-084644__joint_consistent_predictor__bs=1024__lr=1.00e-03__seed=1,/Users/jeong-yunseong/Documents/programming/Phase_2_public/runs/20260517-084644__joint_consistent_predictor__bs=1024__lr=1.00e-03__seed=1/test_predictions.csv,LOS_TO_D,partial,coarse,F,0.3,1.0,0.3,1,0,test,6,coarse6,SUB2_D,209121,20,20,20,1.0,0.9066856030719057,0.06162133375161781,0.10558880736435385,0.11304197308723461,0.043967473612736035,0.007453165722880767,0.007453165722880767,0.0514206393356168,0.009267215072001135,0.0010921712840986297,0.01157359838545501,1282.0,117103.0,0.8845166582443578,0.8866689350205103,0.7992876838235294,0.7666583187244345,0.7926909266675873,0.7422812065565291,0.4100164365715076,40.0,0,fold0_only
22,20260517-084644__joint_consistent_predictor__bs=1024__lr=1.00e-03__seed=1,/Users/jeong-yunseong/Documents/programming/Phase_2_public/runs/20260517-084644__joint_consistent_predictor__bs=1024__lr=1.00e-03__seed=1,/Users/jeong-yunseong/Documents/programming/Phase_2_public/runs/20260517-084644__joint_consistent_predictor__bs=1024__lr=1.00e-03__seed=1/test_predictions.csv,LOS_TO_D,partial,coarse,F,0.3,1.0,0.3,1,0,test,6,coarse6,SUB3_D,209121,20,20,20,1.0,0.9599992348927177,0.06588710047055456,0.10504158160378778,0.10719229209518119,0.03915448113323322,0.002150710491393412,0.002150710491393412,0.04130519162462663,0.0066885364956629275,0.0004884050209108548,0.007649211620835746,1282.0,117103.0,0.8845166582443578,0.8866689350205103,0.7992876838235294,0.7666583187244345,0.7926909266675873,0.7422812065565291,0.4100164365715076,40.0,0,fold0_only
22,20260517-084644__joint_consistent_predictor__bs=1024__lr=1.00e-03__seed=1,/Users/jeong-yunseong/Documents/programming/Phase_2_public/runs/20260517-084644__joint_consistent_predictor__bs=1024__lr=1.00e-03__seed=1,/Users/jeong-yunseong/Documents/programming/Phase_2_public/runs/20260517-084644__joint_consistent_predictor__bs=1024__lr=1.00e-03__seed=1/test_predictions.csv,LOS_TO_D,partial,coarse,F,0.3,1.0,0.3,1,0,test,6,coarse6,FREQ1_D,209121,4,4,4,1.0,0.8071881829180235,0.17299642901499207,0.19412687021629577,0.211973441293044,0.021130441201303696,0.017846571076748224,0.017846571076748224,0.03897701227805192,0.010369211526294499,0.004128139014034005,0.016483878655764526,1282.0,117103.0,0.8845166582443578,0.8866689350205103,0.7992876838235294,0.7666583187244345,0.7926909266675873,0.7422812065565291,0.4100164365715076,40.0,0,fold0_only
22,20260517-084644__joint_consistent_predictor__bs=1024__lr=1.00e-03__seed=1,/Users/jeong-yunseong/Documents/programming/Phase_2_public/runs/20260517-084644__joint_consistent_predictor__bs=1024__lr=1.00e-03__seed=1,/Users/jeong-yunseong/Documents/programming/Phase_2_public/runs/20260517-084644__joint_consistent_predictor__bs=1024__lr=1.00e-03__seed=1/test_predictions.csv,LOS_TO_D,partial,coarse,F,0.3,1.0,0.3,1,0,test,6,coarse6,FREQ2_D,209121,4,4,4,1.0,0.9525537846509915,0.04882262659245347,0.07561876445561115,0.0842364895044248,0.026796137863157682,0.008617725048813654,0.008617725048813654,0.035413862911971336,0.0017412097407981952,0.0003494853139471822,0.002232874264583019,1282.0,117103.0,0.8845166582443578,0.8866689350205103,0.7992876838235294,0.7666583187244345,0.7926909266675873,0.7422812065565291,0.4100164365715076,40.0,0,fold0_only
22,20260517-084644__joint_consistent_predictor__bs=1024__lr=1.00e-03__seed=1,/Users/jeong-yunseong/Documents/programming/Phase_2_public/runs/20260517-084644__joint_consistent_predictor__bs=1024__lr=1.00e-03__seed=1,/Users/jeong-yunseong/Documents/programming/Phase_2_public/runs/20260517-084644__joint_consistent_predictor__bs=1024__lr=1.00e-03__seed=1/test_predictions.csv,LOS_TO_D,partial,coarse,F,0.3,1.0,0.3,1,0,test,6,coarse6,FREQ3_D,209121,4,4,4,1.0,0.9560398047063662,0.057713737340296604,0.06047799929704184,0.06904439063039207,0.0027642619567452356,0.008566391333350229,0.008566391333350229,0.011330653290095465,0.0012420494032922284,0.0005686963721940157,0.0022405733155672,1282.0,117103.0,0.8845166582443578,0.8866689350205103,0.7992876838235294,0.7666583187244345,0.7926909266675873,0.7422812065565291,0.4100164365715076,40.0,0,fold0_only
22,20260517-084644__joint_consistent_predictor__bs=1024__lr=1.00e-03__seed=1,/Users/jeong-yunseong/Documents/programming/Phase_2_public/runs/20260517-084644__joint_consistent_predictor__bs=1024__lr=1.00e-03__seed=1,/Users/jeong-yunseong/Documents/programming/Phase_2_public/runs/20260517-084644__joint_consistent_predictor__bs=1024__lr=1.00e-03__seed=1/test_predictions.csv,LOS_TO_D,partial,coarse,F,0.3,1.0,0.3,1,0,test,6,coarse6,FREQ_ATND_SELF_HELP_D,209121,6,6,6,1.0,0.7588142749891211,0.10441569247866507,0.15533635004981983,0.2059824266183062,0.05092065757115476,0.05064607656848638,0.05064607656848638,0.10156673413964114,0.01629249990165296,0.01867418825311032,0.04283706411157783,1282.0,117103.0,0.8845166582443578,0.8866689350205103,0.7992876838235294,0.7666583187244345,0.7926909266675873,0.7422812065565291,0.4100164365715076,40.0,0,fold0_only
26,20260517-085112__joint_consistent_predictor__bs=1024__lr=1.00e-03__seed=1,/Users/jeong-yunseong/Documents/programming/Phase_2_public/runs/20260517-085112__joint_consistent_predictor__bs=1024__lr=1.00e-03__seed=1,/Users/jeong-yunseong/Documents/programming/Phase_2_public/runs/20260517-085112__joint_consistent_predictor__bs=1024__lr=1.00e-03__seed=1/test_predictions.csv,D_TO_LOS,partial,coarse,F,0.3,1.0,0.3,1,0,test,6,coarse6,SERVICES_D,209121,8,8,8,1.0,0.9841240238904749,0.3299268883853193,0.4783977476326418,0.4875326566017644,0.1484708592473225,0.009134908969122613,0.009134908969122613,0.15760576821644512,0.06526420682427356,0.000649509347031258,0.07507412614115704,1316.0,119361.0,0.8841430523841003,0.8860044285791486,0.7977689855238971,0.7657891782433877,0.7885812645046372,0.7442775855937409,0.41112441067648964,44.0,0,fold0_only
26,20260517-085112__joint_consistent_predictor__bs=1024__lr=1.00e-03__seed=1,/Users/jeong-yunseong/Documents/programming/Phase_2_public/runs/20260517-085112__joint_consistent_predictor__bs=1024__lr=1.00e-03__seed=1,/Users/jeong-yunseong/Documents/programming/Phase_2_public/runs/20260517-085112__joint_consistent_predictor__bs=1024__lr=1.00e-03__seed=1/test_predictions.csv,D_TO_LOS,partial,coarse,F,0.3,1.0,0.3,1,0,test,6,coarse6,EMPLOY_D,209121,5,5,5,1.0,0.7869654410604386,0.10994064929597652,0.1198552064415511,0.13313946850070016,0.00991455714557457,0.013284262059149066,0.013284262059149066,0.023198819204723636,0.006816047847717139,0.0023114560266851614,0.012064640927066092,1316.0,119361.0,0.8841430523841003,0.8860044285791486,0.7977689855238971,0.7657891782433877,0.7885812645046372,0.7442775855937409,0.41112441067648964,44.0,0,fold0_only
26,20260517-085112__joint_consistent_predictor__bs=1024__lr=1.00e-03__seed=1,/Users/jeong-yunseong/Documents/programming/Phase_2_public/runs/20260517-085112__joint_consistent_predictor__bs=1024__lr=1.00e-03__seed=1,/Users/jeong-yunseong/Documents/programming/Phase_2_public/runs/20260517-085112__joint_consistent_predictor__bs=1024__lr=1.00e-03__seed=1/test_predictions.csv,D_TO_LOS,partial,coarse,F,0.3,1.0,0.3,1,0,test,6,coarse6,LIVARAG_D,209121,4,4,4,1.0,0.8511483782116573,0.12670364338700812,0.18617623695714758,0.19437081966943853,0.059472593570139454,0.008194582712290954,0.008194582712290954,0.06766717628243041,0.015132764940055315,0.0007644511355824963,0.017636399470721778,1316.0,119361.0,0.8841430523841003,0.8860044285791486,0.7977689855238971,0.7657891782433877,0.7885812645046372,0.7442775855937409,0.41112441067648964,44.0,0,fold0_only
26,20260517-085112__joint_consistent_predictor__bs=1024__lr=1.00e-03__seed=1,/Users/jeong-yunseong/Documents/programming/Phase_2_public/runs/20260517-085112__joint_consistent_predictor__bs=1024__lr=1.00e-03__seed=1,/Users/jeong-yunseong/Documents/programming/Phase_2_public/runs/20260517-085112__joint_consistent_predictor__bs=1024__lr=1.00e-03__seed=1/test_predictions.csv,D_TO_LOS,partial,coarse,F,0.3,1.0,0.3,1,0,test,6,coarse6,ARRESTS_D,209121,4,4,4,1.0,0.8767842540921285,0.05168785777960615,0.07611967272397244,0.0724065758364336,0.02443181494436629,-0.003713096887538833,0.003713096887538833,0.020718718056827456,0.006300362060295479,0.0052125375771621,0.01186442652675815,1316.0,119361.0,0.8841430523841003,0.8860044285791486,0.7977689855238971,0.7657891782433877,0.7885812645046372,0.7442775855937409,0.41112441067648964,44.0,0,fold0_only
26,20260517-085112__joint_consistent_predictor__bs=1024__lr=1.00e-03__seed=1,/Users/jeong-yunseong/Documents/programming/Phase_2_public/runs/20260517-085112__joint_consistent_predictor__bs=1024__lr=1.00e-03__seed=1,/Users/jeong-yunseong/Documents/programming/Phase_2_public/runs/20260517-085112__joint_consistent_predictor__bs=1024__lr=1.00e-03__seed=1/test_predictions.csv,D_TO_LOS,partial,coarse,F,0.3,1.0,0.3,1,0,test,6,coarse6,DETNLF_D,209121,6,6,6,1.0,0.8939130933765619,0.05406939209231595,0.08671996078951164,0.10357675129063787,0.03265056869719569,0.016856790501126234,0.016856790501126234,0.04950735919832192,0.003337003946531773,0.003118431671583873,0.006131952983253975,1316.0,119361.0,0.8841430523841003,0.8860044285791486,0.7977689855238971,0.7657891782433877,0.7885812645046372,0.7442775855937409,0.41112441067648964,44.0,0,fold0_only
26,20260517-085112__joint_consistent_predictor__bs=1024__lr=1.00e-03__seed=1,/Users/jeong-yunseong/Documents/programming/Phase_2_public/runs/20260517-085112__joint_consistent_predictor__bs=1024__lr=1.00e-03__seed=1,/Users/jeong-yunseong/Documents/programming/Phase_2_public/runs/20260517-085112__joint_consistent_predictor__bs=1024__lr=1.00e-03__seed=1/test_predictions.csv,D_TO_LOS,partial,coarse,F,0.3,1.0,0.3,1,0,test,6,coarse6,SUB1_D,209121,20,20,20,1.0,0.8842918693005485,0.10262428840474314,0.15364991715331294,0.1911456003138672,0.05102562874856981,0.037495683160554266,0.037495683160554266,0.08852131190912407,0.019218774247063645,0.005456014927815403,0.02631725655380838,1316.0,119361.0,0.8841430523841003,0.8860044285791486,0.7977689855238971,0.7657891782433877,0.7885812645046372,0.7442775855937409,0.41112441067648964,44.0,0,fold0_only
26,20260517-085112__joint_consistent_predictor__bs=1024__lr=1.00e-03__seed=1,/Users/jeong-yunseong/Documents/programming/Phase_2_public/runs/20260517-085112__joint_consistent_predictor__bs=1024__lr=1.00e-03__seed=1,/Users/jeong-yunseong/Documents/programming/Phase_2_public/runs/20260517-085112__joint_consistent_predictor__bs=1024__lr=1.00e-03__seed=1/test_predictions.csv,D_TO_LOS,partial,coarse,F,0.3,1.0,0.3,1,0,test,6,coarse6,SUB2_D,209121,20,20,20,1.0,0.9060735172459964,0.06162133375161781,0.100055881902691,0.10956232396671961,0.038434548151073195,0.009506442064028606,0.009506442064028606,0.0479409902151018,0.007105864788539069,0.0011663986856965249,0.00929260607871229,1316.0,119361.0,0.8841430523841003,0.8860044285791486,0.7977689855238971,0.7657891782433877,0.7885812645046372,0.7442775855937409,0.41112441067648964,44.0,0,fold0_only
26,20260517-085112__joint_consistent_predictor__bs=1024__lr=1.00e-03__seed=1,/Users/jeong-yunseong/Documents/programming/Phase_2_public/runs/20260517-085112__joint_consistent_predictor__bs=1024__lr=1.00e-03__seed=1,/Users/jeong-yunseong/Documents/programming/Phase_2_public/runs/20260517-085112__joint_consistent_predictor__bs=1024__lr=1.00e-03__seed=1/test_predictions.csv,D_TO_LOS,partial,coarse,F,0.3,1.0,0.3,1,0,test,6,coarse6,SUB3_D,209121,20,20,20,1.0,0.9601666021107397,0.06588710047055456,0.10312393634397699,0.1043275822666194,0.03723683587342243,0.00120364592264241,0.00120364592264241,0.03844048179606484,0.00783264234854188,0.00034863104873732707,0.008670710825417718,1316.0,119361.0,0.8841430523841003,0.8860044285791486,0.7977689855238971,0.7657891782433877,0.7885812645046372,0.7442775855937409,0.41112441067648964,44.0,0,fold0_only
26,20260517-085112__joint_consistent_predictor__bs=1024__lr=1.00e-03__seed=1,/Users/jeong-yunseong/Documents/programming/Phase_2_public/runs/20260517-085112__joint_consistent_predictor__bs=1024__lr=1.00e-03__seed=1,/Users/jeong-yunseong/Documents/programming/Phase_2_public/runs/20260517-085112__joint_consistent_predictor__bs=1024__lr=1.00e-03__seed=1/test_predictions.csv,D_TO_LOS,partial,coarse,F,0.3,1.0,0.3,1,0,test,6,coarse6,FREQ1_D,209121,4,4,4,1.0,0.8079389444388655,0.17299642901499207,0.19207660079269573,0.20769466800127107,0.01908017177770366,0.015618067208575337,0.015618067208575337,0.034698238986278995,0.008764509300712795,0.005149546669231525,0.015751457951057517,1316.0,119361.0,0.8841430523841003,0.8860044285791486,0.7977689855238971,0.7657891782433877,0.7885812645046372,0.7442775855937409,0.41112441067648964,44.0,0,fold0_only
26,20260517-085112__joint_consistent_predictor__bs=1024__lr=1.00e-03__seed=1,/Users/jeong-yunseong/Documents/programming/Phase_2_public/runs/20260517-085112__joint_consistent_predictor__bs=1024__lr=1.00e-03__seed=1,/Users/jeong-yunseong/Documents/programming/Phase_2_public/runs/20260517-085112__joint_consistent_predictor__bs=1024__lr=1.00e-03__seed=1/test_predictions.csv,D_TO_LOS,partial,coarse,F,0.3,1.0,0.3,1,0,test,6,coarse6,FREQ2_D,209121,4,4,4,1.0,0.9524103270355441,0.04882262659245347,0.06789709264291802,0.0748834760043336,0.019074466050464547,0.006986383361415577,0.006986383361415577,0.026060849411880124,0.0006734458880475021,0.00042454860449947095,0.0012659420629797889,1316.0,119361.0,0.8841430523841003,0.8860044285791486,0.7977689855238971,0.7657891782433877,0.7885812645046372,0.7442775855937409,0.41112441067648964,44.0,0,fold0_only
26,20260517-085112__joint_consistent_predictor__bs=1024__lr=1.00e-03__seed=1,/Users/jeong-yunseong/Documents/programming/Phase_2_public/runs/20260517-085112__joint_consistent_predictor__bs=1024__lr=1.00e-03__seed=1,/Users/jeong-yunseong/Documents/programming/Phase_2_public/runs/20260517-085112__joint_consistent_predictor__bs=1024__lr=1.00e-03__seed=1/test_predictions.csv,D_TO_LOS,partial,coarse,F,0.3,1.0,0.3,1,0,test,6,coarse6,FREQ3_D,209121,4,4,4,1.0,0.9558054906011352,0.057713737340296604,0.060795160302234905,0.06785762383880466,0.0030814229619383,0.007062463536569752,0.007062463536569752,0.010143886498508052,0.0010636879126771886,0.0006505448163520697,0.002247765359866984,1316.0,119361.0,0.8841430523841003,0.8860044285791486,0.7977689855238971,0.7657891782433877,0.7885812645046372,0.7442775855937409,0.41112441067648964,44.0,0,fold0_only
26,20260517-085112__joint_consistent_predictor__bs=1024__lr=1.00e-03__seed=1,/Users/jeong-yunseong/Documents/programming/Phase_2_public/runs/20260517-085112__joint_consistent_predictor__bs=1024__lr=1.00e-03__seed=1,/Users/jeong-yunseong/Documents/programming/Phase_2_public/runs/20260517-085112__joint_consistent_predictor__bs=1024__lr=1.00e-03__seed=1/test_predictions.csv,D_TO_LOS,partial,coarse,F,0.3,1.0,0.3,1,0,test,6,coarse6,FREQ_ATND_SELF_HELP_D,209121,6,6,6,1.0,0.7582404445273311,0.10441569247866507,0.14671318992635937,0.19440784875450492,0.0422974974476943,0.04769465882814555,0.04769465882814555,0.08999215627583985,0.0143034119718227,0.017525615864004904,0.03797447287154871,1316.0,119361.0,0.8841430523841003,0.8860044285791486,0.7977689855238971,0.7657891782433877,0.7885812645046372,0.7442775855937409,0.41112441067648964,44.0,0,fold0_only
38,20260517-174939__joint_consistent_predictor__bs=1024__lr=1.00e-03__seed=1,/Users/jeong-yunseong/Documents/programming/Phase_2_public/runs/20260517-174939__joint_consistent_predictor__bs=1024__lr=1.00e-03__seed=1,/Users/jeong-yunseong/Documents/programming/Phase_2_public/runs/20260517-174939__joint_consistent_predictor__bs=1024__lr=1.00e-03__seed=1/test_predictions.csv,D_TO_LOS,all,coarse,F,0.3,1.0,0.3,1,0,test,6,coarse6,SERVICES_D,209121,8,8,8,1.0,0.9839949120365721,0.3299268883853193,0.4978929120168795,0.5074150903273635,0.1679660236315602,0.00952217831048402,0.00952217831048402,0.17748820194204423,0.06724780584263537,0.0006803176556190327,0.07739577965539157,1491.0,116894.0,0.8855443805588736,0.8873482344155799,0.7991727941176471,0.7665072089897396,0.7925982838101486,0.7420791439009408,0.40915502435118845,25.0,0,fold0_only
38,20260517-174939__joint_consistent_predictor__bs=1024__lr=1.00e-03__seed=1,/Users/jeong-yunseong/Documents/programming/Phase_2_public/runs/20260517-174939__joint_consistent_predictor__bs=1024__lr=1.00e-03__seed=1,/Users/jeong-yunseong/Documents/programming/Phase_2_public/runs/20260517-174939__joint_consistent_predictor__bs=1024__lr=1.00e-03__seed=1/test_predictions.csv,D_TO_LOS,all,coarse,F,0.3,1.0,0.3,1,0,test,6,coarse6,EMPLOY_D,209121,5,5,5,1.0,0.7862624987447459,0.10994064929597652,0.12893383780626738,0.13903108031742104,0.01899318851029086,0.010097242511153653,0.010097242511153653,0.029090431021444513,0.007959244147176357,0.0024163190966303085,0.013349530137043068,1491.0,116894.0,0.8855443805588736,0.8873482344155799,0.7991727941176471,0.7665072089897396,0.7925982838101486,0.7420791439009408,0.40915502435118845,25.0,0,fold0_only
38,20260517-174939__joint_consistent_predictor__bs=1024__lr=1.00e-03__seed=1,/Users/jeong-yunseong/Documents/programming/Phase_2_public/runs/20260517-174939__joint_consistent_predictor__bs=1024__lr=1.00e-03__seed=1,/Users/jeong-yunseong/Documents/programming/Phase_2_public/runs/20260517-174939__joint_consistent_predictor__bs=1024__lr=1.00e-03__seed=1/test_predictions.csv,D_TO_LOS,all,coarse,F,0.3,1.0,0.3,1,0,test,6,coarse6,LIVARAG_D,209121,4,4,4,1.0,0.849728147818727,0.12670364338700812,0.19639442060938345,0.20533898365074382,0.06969077722237532,0.008944563041360376,0.008944563041360376,0.0786353402637357,0.013591884895528348,0.0010518107446539622,0.016632748940190917,1491.0,116894.0,0.8855443805588736,0.8873482344155799,0.7991727941176471,0.7665072089897396,0.7925982838101486,0.7420791439009408,0.40915502435118845,25.0,0,fold0_only
38,20260517-174939__joint_consistent_predictor__bs=1024__lr=1.00e-03__seed=1,/Users/jeong-yunseong/Documents/programming/Phase_2_public/runs/20260517-174939__joint_consistent_predictor__bs=1024__lr=1.00e-03__seed=1,/Users/jeong-yunseong/Documents/programming/Phase_2_public/runs/20260517-174939__joint_consistent_predictor__bs=1024__lr=1.00e-03__seed=1/test_predictions.csv,D_TO_LOS,all,coarse,F,0.3,1.0,0.3,1,0,test,6,coarse6,ARRESTS_D,209121,4,4,4,1.0,0.8745080599270278,0.05168785777960615,0.08604658973363212,0.08476439619555165,0.03435873195402597,-0.00128219353808047,0.00128219353808047,0.0330765384159455,0.004960029217199498,0.00722768334354539,0.011528591857863625,1491.0,116894.0,0.8855443805588736,0.8873482344155799,0.7991727941176471,0.7665072089897396,0.7925982838101486,0.7420791439009408,0.40915502435118845,25.0,0,fold0_only
38,20260517-174939__joint_consistent_predictor__bs=1024__lr=1.00e-03__seed=1,/Users/jeong-yunseong/Documents/programming/Phase_2_public/runs/20260517-174939__joint_consistent_predictor__bs=1024__lr=1.00e-03__seed=1,/Users/jeong-yunseong/Documents/programming/Phase_2_public/runs/20260517-174939__joint_consistent_predictor__bs=1024__lr=1.00e-03__seed=1/test_predictions.csv,D_TO_LOS,all,coarse,F,0.3,1.0,0.3,1,0,test,6,coarse6,DETNLF_D,209121,6,6,6,1.0,0.892402006493848,0.05406939209231595,0.09469725033448013,0.10726347319248757,0.04062785824216419,0.012566222858007431,0.012566222858007431,0.05319408110017162,0.005324523820204585,0.0019828211711644924,0.007909034611354629,1491.0,116894.0,0.8855443805588736,0.8873482344155799,0.7991727941176471,0.7665072089897396,0.7925982838101486,0.7420791439009408,0.40915502435118845,25.0,0,fold0_only
38,20260517-174939__joint_consistent_predictor__bs=1024__lr=1.00e-03__seed=1,/Users/jeong-yunseong/Documents/programming/Phase_2_public/runs/20260517-174939__joint_consistent_predictor__bs=1024__lr=1.00e-03__seed=1,/Users/jeong-yunseong/Documents/programming/Phase_2_public/runs/20260517-174939__joint_consistent_predictor__bs=1024__lr=1.00e-03__seed=1/test_predictions.csv,D_TO_LOS,all,coarse,F,0.3,1.0,0.3,1,0,test,6,coarse6,SUB1_D,209121,20,20,20,1.0,0.8838758422157507,0.10262428840474314,0.16095476070082518,0.20297668100823607,0.05833047229608204,0.04202192030741089,0.04202192030741089,0.10035239260349293,0.014948867739802418,0.005963001760939205,0.022420646374144072,1491.0,116894.0,0.8855443805588736,0.8873482344155799,0.7991727941176471,0.7665072089897396,0.7925982838101486,0.7420791439009408,0.40915502435118845,25.0,0,fold0_only
38,20260517-174939__joint_consistent_predictor__bs=1024__lr=1.00e-03__seed=1,/Users/jeong-yunseong/Documents/programming/Phase_2_public/runs/20260517-174939__joint_consistent_predictor__bs=1024__lr=1.00e-03__seed=1,/Users/jeong-yunseong/Documents/programming/Phase_2_public/runs/20260517-174939__joint_consistent_predictor__bs=1024__lr=1.00e-03__seed=1/test_predictions.csv,D_TO_LOS,all,coarse,F,0.3,1.0,0.3,1,0,test,6,coarse6,SUB2_D,209121,20,20,20,1.0,0.905451867579057,0.06162133375161781,0.11583240858468616,0.12317495334310631,0.05421107483306835,0.0073425447584201525,0.0073425447584201525,0.0615536195914885,0.013872660615478873,0.001013403364630337,0.016080361301496714,1491.0,116894.0,0.8855443805588736,0.8873482344155799,0.7991727941176471,0.7665072089897396,0.7925982838101486,0.7420791439009408,0.40915502435118845,25.0,0,fold0_only
38,20260517-174939__joint_consistent_predictor__bs=1024__lr=1.00e-03__seed=1,/Users/jeong-yunseong/Documents/programming/Phase_2_public/runs/20260517-174939__joint_consistent_predictor__bs=1024__lr=1.00e-03__seed=1,/Users/jeong-yunseong/Documents/programming/Phase_2_public/runs/20260517-174939__joint_consistent_predictor__bs=1024__lr=1.00e-03__seed=1/test_predictions.csv,D_TO_LOS,all,coarse,F,0.3,1.0,0.3,1,0,test,6,coarse6,SUB3_D,209121,20,20,20,1.0,0.959922724164479,0.06588710047055456,0.11638446610407492,0.11779555747556306,0.050497365633520364,0.0014110913714881351,0.0014110913714881351,0.0519084570050085,0.012070381967718384,0.00035334460779560845,0.012522883584637393,1491.0,116894.0,0.8855443805588736,0.8873482344155799,0.7991727941176471,0.7665072089897396,0.7925982838101486,0.7420791439009408,0.40915502435118845,25.0,0,fold0_only
38,20260517-174939__joint_consistent_predictor__bs=1024__lr=1.00e-03__seed=1,/Users/jeong-yunseong/Documents/programming/Phase_2_public/runs/20260517-174939__joint_consistent_predictor__bs=1024__lr=1.00e-03__seed=1,/Users/jeong-yunseong/Documents/programming/Phase_2_public/runs/20260517-174939__joint_consistent_predictor__bs=1024__lr=1.00e-03__seed=1/test_predictions.csv,D_TO_LOS,all,coarse,F,0.3,1.0,0.3,1,0,test,6,coarse6,FREQ1_D,209121,4,4,4,1.0,0.8052706327915418,0.17299642901499207,0.1998500270969451,0.22833290489466612,0.026853598081953034,0.028482877797721018,0.028482877797721018,0.05533647587967405,0.009901997849771658,0.007036878615254137,0.019131050130411983,1491.0,116894.0,0.8855443805588736,0.8873482344155799,0.7991727941176471,0.7665072089897396,0.7925982838101486,0.7420791439009408,0.40915502435118845,25.0,0,fold0_only
38,20260517-174939__joint_consistent_predictor__bs=1024__lr=1.00e-03__seed=1,/Users/jeong-yunseong/Documents/programming/Phase_2_public/runs/20260517-174939__joint_consistent_predictor__bs=1024__lr=1.00e-03__seed=1,/Users/jeong-yunseong/Documents/programming/Phase_2_public/runs/20260517-174939__joint_consistent_predictor__bs=1024__lr=1.00e-03__seed=1/test_predictions.csv,D_TO_LOS,all,coarse,F,0.3,1.0,0.3,1,0,test,6,coarse6,FREQ2_D,209121,4,4,4,1.0,0.9518699700173584,0.04882262659245347,0.08423706161010538,0.09345905727735747,0.035414435017651916,0.009221995667252084,0.009221995667252084,0.044636430684904,0.0026152706095932815,0.00038617107186772064,0.0034286782970239208,1491.0,116894.0,0.8855443805588736,0.8873482344155799,0.7991727941176471,0.7665072089897396,0.7925982838101486,0.7420791439009408,0.40915502435118845,25.0,0,fold0_only
38,20260517-174939__joint_consistent_predictor__bs=1024__lr=1.00e-03__seed=1,/Users/jeong-yunseong/Documents/programming/Phase_2_public/runs/20260517-174939__joint_consistent_predictor__bs=1024__lr=1.00e-03__seed=1,/Users/jeong-yunseong/Documents/programming/Phase_2_public/runs/20260517-174939__joint_consistent_predictor__bs=1024__lr=1.00e-03__seed=1/test_predictions.csv,D_TO_LOS,all,coarse,F,0.3,1.0,0.3,1,0,test,6,coarse6,FREQ3_D,209121,4,4,4,1.0,0.9553703358342778,0.057713737340296604,0.0808563304496979,0.09141938309485292,0.02314259310940129,0.01056305264515503,0.01056305264515503,0.03370564575455632,0.0060615087717593155,0.0008276611960968582,0.007607610710918041,1491.0,116894.0,0.8855443805588736,0.8873482344155799,0.7991727941176471,0.7665072089897396,0.7925982838101486,0.7420791439009408,0.40915502435118845,25.0,0,fold0_only
38,20260517-174939__joint_consistent_predictor__bs=1024__lr=1.00e-03__seed=1,/Users/jeong-yunseong/Documents/programming/Phase_2_public/runs/20260517-174939__joint_consistent_predictor__bs=1024__lr=1.00e-03__seed=1,/Users/jeong-yunseong/Documents/programming/Phase_2_public/runs/20260517-174939__joint_consistent_predictor__bs=1024__lr=1.00e-03__seed=1/test_predictions.csv,D_TO_LOS,all,coarse,F,0.3,1.0,0.3,1,0,test,6,coarse6,FREQ_ATND_SELF_HELP_D,209121,6,6,6,1.0,0.7562033463879764,0.10441569247866507,0.14536036052289544,0.20195534556346678,0.04094466804423037,0.05659498504057134,0.05659498504057134,0.09753965308480171,0.009936587817545027,0.017921600181010047,0.035105448962623076,1491.0,116894.0,0.8855443805588736,0.8873482344155799,0.7991727941176471,0.7665072089897396,0.7925982838101486,0.7420791439009408,0.40915502435118845,25.0,0,fold0_only
